date,carbune,consum,hidro,hidrocarburi,nuclear,eolian,productie,fotovolt,biomasa,sold
2024-09-01 23:56:30,778,5073,1056,1022,1330,267,4500,-2,47,572
2024-09-01 23:25:20,833,5407,1138,1038,1328,233,4616,-2,47,790
2024-09-01 22:55:27,777,5515,1303,1051,1327,187,4693,-2,49,821
2024-09-01 22:25:33,845,5772,1320,1072,1329,166,4780,-1,48,991
2024-09-01 21:58:34,783,6006,1394,1069,1327,165,4785,-1,47,1220
2024-09-01 21:25:28,832,6180,1390,1079,1322,170,4864,-1,50,1315
2024-09-01 20:38:27,863,6214,1438,1078,1323,186,4959,-1,49,1255
2024-09-01 19:59:29,858,5984,1446,1069,1328,211,4961,0,48,1023
2024-09-01 19:30:41,843,5840,1396,1070,1323,182,4890,20,48,949
2024-09-01 18:59:25,855,5720,1362,1029,1330,232,4949,92,47,770
2024-09-01 18:29:40,803,5550,1294,977,1330,288,4931,188,48,618
2024-09-01 17:59:34,826,5420,1257,966,1322,304,5028,300,49,392
2024-09-01 17:29:27,739,5279,1039,942,1326,355,4820,369,47,458
2024-09-01 16:59:17,764,5159,930,949,1327,370,4849,460,45,310
2024-09-01 16:31:36,715,4989,871,933,1326,399,4773,478,47,216
2024-09-01 16:00:18,755,4942,847,752,1326,381,4710,602,43,232
2024-09-01 15:29:24,735,4740,769,742,1324,345,4690,727,45,50
2024-09-01 14:59:45,762,4623,737,749,1324,346,4746,780,45,-123
2024-09-01 14:30:35,721,4510,738,741,1325,375,4749,802,45,-239
2024-09-01 13:59:47,708,4440,593,734,1326,527,4779,844,44,-338
2024-09-01 13:29:24,708,4514,571,732,1326,613,4834,836,46,-319
2024-09-01 12:59:39,707,4425,671,729,1326,588,4882,815,45,-457
2024-09-01 12:29:20,715,4436,669,668,1320,444,4704,840,45,-268
2024-09-01 11:59:19,717,4460,612,682,1328,503,4709,820,45,-248
2024-09-01 11:29:33,713,4429,560,676,1322,571,4679,789,45,-250
2024-09-01 10:59:50,730,4417,745,757,1328,639,4945,697,46,-527
2024-09-01 10:29:28,760,4520,736,748,1325,628,4865,620,45,-344
2024-09-01 10:00:45,746,4673,743,774,1329,652,4786,490,46,-113
2024-09-01 09:29:22,750,4661,709,763,1324,640,4616,380,46,45
2024-09-01 09:00:25,797,4774,772,786,1327,688,4725,307,46,48
2024-09-01 08:29:25,829,4911,818,797,1323,751,4770,203,47,140
2024-09-01 07:59:27,828,4694,976,796,1327,696,4759,88,45,-65
2024-09-01 07:29:35,840,4791,973,817,1329,735,4776,31,46,14
2024-09-01 06:59:24,821,4702,988,807,1327,726,4719,1,45,-16
2024-09-01 06:29:26,872,4701,963,810,1326,748,4765,-3,48,-63
2024-09-01 05:59:19,868,4734,823,1037,1325,673,4771,-3,46,-37
2024-09-01 05:30:27,919,4715,758,1029,1328,698,4778,-3,48,-63
2024-09-01 05:00:31,825,4654,742,1030,1325,629,4599,-3,48,55
2024-09-01 04:29:40,807,4668,741,1031,1325,651,4602,-3,47,65
2024-09-01 03:59:30,818,4683,936,1058,1325,633,4817,-3,48,-134
2024-09-01 03:29:44,832,4759,937,1069,1323,633,4840,-3,48,-81
2024-09-01 02:59:18,800,4740,938,1049,1324,672,4830,-3,47,-90
2024-09-01 02:29:46,842,4825,988,1069,1327,599,4872,-3,47,-46
2024-09-01 01:59:25,839,4895,991,1067,1325,588,4863,3,48,31
2024-09-01 01:30:43,840,4965,993,1069,1326,604,4877,-3,47,87
2024-09-01 00:59:24,832,5093,1043,1039,1327,698,4988,-3,51,104
2024-09-01 00:30:50,874,5226,1073,1065,1333,726,5121,-3,51,104
2024-08-31 23:59:38,828,5385,1045,1009,1327,709,4967,-3,50,418
2024-08-31 23:29:24,830,5617,1193,1008,1330,638,5049,-3,50,567
2024-08-31 22:59:54,816,5807,1237,1039,1325,594,5060,-3,49,747
2024-08-31 22:29:26,820,6117,1306,1042,1330,675,5223,-3,51,893
2024-08-31 22:00:44,829,6284,1470,1116,1329,637,5422,-3,53,862
2024-08-31 21:09:30,834,6620,1409,1130,1330,523,5295,-3,52,1324
2024-08-31 19:59:41,834,6470,1753,1122,1325,423,5510,-1,52,960
2024-08-31 19:29:48,868,6398,1842,1130,1326,371,5602,11,52,796
2024-08-31 19:00:48,889,6280,1688,1119,1327,339,5476,60,51,804
2024-08-31 18:29:29,875,6226,1462,1084,1328,427,5365,135,52,860
2024-08-31 18:00:42,891,6046,1437,963,1332,586,5481,221,49,565
2024-08-31 17:30:36,904,5890,1267,952,1318,766,5549,286,51,341
2024-08-31 16:59:41,877,5739,1230,942,1302,943,5773,426,50,-33
2024-08-31 16:30:37,836,5590,1137,944,1304,1045,5847,530,48,-256
2024-08-31 15:59:40,834,5460,1122,987,1325,1081,6007,609,47,-547
2024-08-31 15:29:39,786,5337,994,984,1322,1025,5825,665,46,-487
2024-08-31 14:59:46,785,5394,943,928,1320,1013,5843,805,45,-448
2024-08-31 14:29:33,799,5215,986,931,1292,938,5845,850,45,-629
2024-08-31 14:00:29,785,5196,862,930,1283,939,5756,907,47,-559
2024-08-31 13:30:32,782,5199,865,795,1324,962,5721,943,47,-521
2024-08-31 13:00:24,731,5095,801,910,1326,902,5743,1024,47,-648
2024-08-31 12:29:44,787,5111,869,926,1288,789,5682,972,48,-571
2024-08-31 12:00:36,792,5146,939,942,1294,693,5621,912,46,-474
2024-08-31 11:29:26,793,5078,959,941,1312,542,5463,867,46,-384
2024-08-31 10:59:29,785,5155,1066,968,1325,510,5513,810,46,-357
2024-08-31 10:29:29,815,5205,1071,972,1311,544,5505,743,46,-300
2024-08-31 09:59:49,848,5413,1098,1082,1316,549,5574,628,49,-160
2024-08-31 09:17:49,894,5469,1226,1108,1322,528,5535,400,50,-65
2024-08-31 08:47:48,839,5454,1278,1096,1340,575,5453,274,49,1
2024-08-31 08:16:21,907,5471,1480,1111,1337,587,5629,153,51,-157
2024-08-31 07:47:43,881,5299,1443,1112,1339,569,5450,53,51,-151
2024-08-31 07:16:20,923,5239,1478,1122,1334,580,5508,11,51,-268
2024-08-31 06:46:42,835,5169,1573,1126,1339,613,5537,-2,51,-367
2024-08-31 06:17:34,878,5183,1468,1129,1341,787,5655,-3,54,-471
2024-08-31 05:48:27,836,5092,1109,1120,1333,921,5374,-3,53,-282
2024-08-31 05:17:36,871,5110,1001,1051,1335,1111,5426,-3,55,-316
2024-08-31 04:47:52,784,4950,926,1042,1335,1240,5380,-3,53,-429
2024-08-31 04:18:21,785,5049,903,1008,1333,1361,5448,2,53,-398
2024-08-31 03:48:26,802,5108,897,1010,1338,1419,5524,1,53,-416
2024-08-31 03:17:38,800,5051,881,960,1339,1461,5495,-3,53,-444
2024-08-31 02:49:35,754,5165,879,944,1340,1373,5343,-3,53,-177
2024-08-31 02:17:43,779,5113,936,1001,1329,1287,5383,-3,52,-270
2024-08-31 01:46:25,824,5304,924,1062,1322,1159,5343,-3,53,-39
2024-08-31 01:18:24,856,5305,1041,1070,1325,1053,5397,-3,52,-92
2024-08-31 00:47:39,789,5511,1150,1053,1322,824,5191,-3,53,319
2024-08-31 00:17:28,868,5638,1188,1072,1326,716,5223,-3,53,415
2024-08-30 23:46:32,858,5795,1035,984,1323,822,5074,-3,53,720
2024-08-30 23:17:30,856,6072,1044,977,1328,883,5146,-3,53,926
2024-08-30 22:47:17,809,6265,1160,1021,1325,868,5235,-4,54,1029
2024-08-30 22:17:36,859,6565,1178,1028,1326,874,5317,-4,53,1248
2024-08-30 21:47:36,894,6886,1237,1043,1326,947,5526,-3,55,1360
2024-08-30 20:46:45,975,7283,1417,1065,1326,760,5620,-3,53,1663
2024-08-30 14:25:42,956,6283,1256,1063,1301,843,6052,582,49,231
2024-08-30 13:56:46,919,6333,1172,1065,1262,936,6057,648,50,275
2024-08-30 13:26:22,850,6359,1168,1019,1270,1105,6155,689,51,204
2024-08-30 12:55:27,853,6254,1029,954,1270,1209,6058,690,49,196
2024-08-30 12:25:46,808,6151,951,952,1288,1225,5993,715,51,158
2024-08-30 11:57:37,796,6229,1036,904,1284,1057,5823,693,50,405
2024-08-30 11:20:25,834,6299,1120,911,1254,1031,5805,601,50,493
2024-08-30 10:46:21,843,6375,1036,1014,1244,987,5705,541,52,670
2024-08-30 10:16:45,867,6447,1288,1102,1301,784,5874,476,52,573
2024-08-30 09:46:47,960,6566,1398,1126,1299,503,5692,346,56,873
2024-08-30 09:16:52,1002,6599,1393,1137,1333,506,5696,262,54,903
2024-08-30 08:47:43,964,6617,1552,1144,1343,438,5711,200,54,906
2024-08-30 08:17:31,1005,6516,1502,1140,1335,485,5682,139,56,833
2024-08-30 07:47:27,1004,6308,1288,1140,1339,625,5523,50,54,785
2024-08-30 07:07:49,954,5913,1165,1069,1335,770,5378,9,52,535
2024-08-30 06:38:24,921,5616,1083,1063,1340,831,5307,10,54,308
2024-08-30 06:08:37,929,5537,1066,1069,1345,853,5313,-2,51,224
2024-08-30 05:38:42,864,5353,1071,1067,1339,1005,5399,-2,53,-45
2024-08-30 05:08:40,862,5214,1063,1062,1339,1104,5480,-2,51,-265
2024-08-30 04:38:26,860,5197,1049,1065,1337,1011,5372,-3,51,-175
2024-08-30 04:07:26,849,5198,1050,1083,1340,1078,5458,-3,52,-259
2024-08-30 03:40:44,818,5175,1020,1081,1338,1144,5452,-2,52,-276
2024-08-30 03:08:24,836,5172,1049,1096,1336,1160,5528,-2,51,-355
2024-08-30 02:38:24,849,5181,976,1084,1338,1080,5378,-2,51,-197
2024-08-30 02:08:27,928,5364,972,1050,1340,1069,5409,-2,51,-44
2024-08-30 01:38:51,870,5303,944,1039,1323,1039,5266,-2,52,37
2024-08-30 01:08:39,883,5416,903,1040,1324,1025,5233,-3,51,183
2024-08-30 00:38:39,905,5548,1122,1080,1326,860,5345,-2,53,202
2024-08-30 00:08:50,930,5735,1067,1017,1326,797,5187,-3,53,547
2024-08-29 23:38:34,887,5904,1065,951,1324,714,4994,-2,54,909
2024-08-29 23:08:24,899,6078,1073,956,1321,808,5114,-2,54,963
2024-08-29 22:39:50,899,6310,1085,990,1325,740,5092,-3,53,1218
2024-08-29 22:07:43,922,6674,1215,982,1323,784,5286,-3,54,1388
2024-08-29 21:33:50,870,6992,1200,1000,1321,853,5289,-3,54,1702
2024-08-29 19:55:35,937,6952,1522,1102,1321,598,5539,1,55,1412
2024-08-29 19:25:29,862,6768,1470,1044,1322,605,5387,26,54,1381
2024-08-29 18:55:25,856,6828,1416,1027,1318,696,5467,97,55,1361
2024-08-29 18:25:16,878,6748,1477,985,1317,675,5526,133,54,1222
2024-08-29 17:55:29,831,6678,1241,1014,1318,654,5310,197,53,1367
2024-08-29 17:26:24,856,6729,1312,1036,1305,516,5342,252,55,1386
2024-08-29 16:54:34,865,6552,1291,1016,1308,597,5600,465,55,952
2024-08-29 16:26:40,853,6430,1239,1014,1287,725,5606,432,52,823
2024-08-29 15:56:39,831,6317,1184,1009,1282,656,5594,577,51,722
2024-08-29 15:25:45,820,6338,1091,957,1305,736,5625,663,51,713
2024-08-29 14:56:45,808,6252,1178,1009,1300,803,5821,668,52,430
2024-08-29 14:25:19,804,6335,1146,1009,1270,880,5926,766,49,408
2024-08-29 13:56:26,803,6267,1191,957,1269,897,5810,640,50,457
2024-08-29 13:25:29,766,6224,1162,992,1288,894,5782,628,49,442
2024-08-29 12:57:15,807,6284,1149,1152,1299,899,5980,622,48,304
2024-08-29 12:25:37,756,6180,1061,1105,1299,931,5845,640,50,334
2024-08-29 11:55:22,823,6235,1130,1137,1291,846,5869,589,50,366
2024-08-29 11:25:47,847,6305,1128,1126,1283,884,5901,580,50,403
2024-08-29 10:55:23,772,6400,1145,1090,1263,872,5734,537,51,665
2024-08-29 10:25:23,803,6285,1166,1094,1258,933,5900,592,51,384
2024-08-29 09:55:46,733,6281,954,1064,1264,942,5604,590,55,676
2024-08-29 09:26:18,781,6395,1062,1088,1292,953,5704,472,54,691
2024-08-29 08:55:29,787,6430,919,1079,1314,947,5480,375,52,949
2024-08-29 08:26:25,774,6367,907,1067,1317,1110,5484,237,53,882
2024-08-29 07:55:41,800,6222,954,1176,1313,1110,5522,95,51,700
2024-08-29 07:25:30,788,6050,998,1132,1314,1050,5391,34,53,658
2024-08-29 06:55:47,804,5815,742,1056,1316,801,4776,3,51,1039
2024-08-29 06:25:48,766,5635,772,1055,1317,939,4902,-3,53,732
2024-08-29 05:56:25,754,5499,989,1172,1313,948,5228,-3,52,271
2024-08-29 05:26:52,750,5417,984,1176,1315,808,5086,-3,52,331
2024-08-29 04:54:29,725,5281,978,1162,1311,756,4981,-3,51,299
2024-08-29 04:25:44,715,5373,1055,1178,1307,667,4972,-3,51,400
2024-08-29 03:56:53,767,5304,944,1187,1249,669,4866,-3,50,438
2024-08-29 03:26:43,766,5275,945,1186,1187,633,4767,-3,50,507
2024-08-29 02:55:17,745,5303,933,1173,1154,665,4719,-3,50,583
2024-08-29 02:25:16,789,5339,824,1140,1111,688,4600,-3,49,738
2024-08-29 01:55:39,742,5476,806,1133,1050,653,4433,-3,51,1042
2024-08-29 01:25:29,791,5453,802,1152,963,652,4408,-3,49,1044
2024-08-29 00:55:37,950,5683,886,1155,909,617,4566,-3,50,1116
2024-08-29 00:27:45,960,5800,892,1165,853,629,4551,-3,53,1249
2024-08-28 23:56:21,978,5913,943,1143,795,657,4566,-3,52,1346
2024-08-28 23:25:23,1031,6208,1059,1144,734,638,4658,-3,51,1549
2024-08-28 22:56:50,920,6425,969,1159,728,711,4537,-3,51,1887
2024-08-28 22:25:15,973,6855,1262,1239,687,751,4963,-4,51,1892
2024-08-28 21:51:33,1047,7203,1453,1248,687,744,5230,-3,53,1973
2024-08-28 20:56:25,1106,7545,2209,1325,685,645,6050,-2,55,1494
2024-08-28 19:55:45,1064,7286,1837,1307,687,671,5624,0,52,1661
2024-08-28 19:25:35,1092,7099,1551,1305,684,588,5309,27,50,1790
2024-08-28 18:55:45,1110,7168,1574,1290,685,517,5317,86,49,1850
2024-08-28 18:26:51,1032,7087,1564,1256,685,492,5248,163,49,1839
2024-08-28 17:56:52,1092,6980,1369,1244,684,536,5216,223,49,1763
2024-08-28 17:25:17,1039,6975,1341,1246,682,581,5224,270,51,1750
2024-08-28 16:55:17,1022,6797,1260,1234,685,743,5350,347,49,1447
2024-08-28 16:27:26,1072,6804,1259,1122,686,779,5471,501,49,1333
2024-08-28 15:55:43,1021,6703,1085,1087,685,912,5356,515,48,1346
2024-08-28 15:25:26,972,6590,972,1089,685,919,5335,644,48,1255
2024-08-28 14:55:28,932,6611,975,1062,682,882,5280,703,49,1331
2024-08-28 14:25:39,857,6417,967,1066,686,808,5022,592,44,1394
2024-08-28 13:57:39,870,6555,963,1084,686,757,5062,650,49,1492
2024-08-28 13:25:51,906,6571,951,1084,685,787,5116,651,49,1455
2024-08-28 12:55:22,872,6535,908,1063,684,834,5011,599,48,1523
2024-08-28 12:26:37,847,6525,947,1065,685,834,5014,587,47,1510
2024-08-28 11:55:31,887,6487,980,1067,686,795,5001,534,49,1485
2024-08-28 11:26:21,958,6584,967,1063,685,760,5030,537,50,1553
2024-08-28 10:55:45,901,6517,995,1072,686,727,4898,465,49,1618
2024-08-28 10:26:29,893,6634,1027,1055,687,684,4801,403,50,1833
2024-08-28 09:54:16,903,6720,1201,1121,688,589,4946,387,54,1774
2024-08-28 09:26:44,956,6720,1229,1130,688,560,4863,244,53,1856
2024-08-28 08:54:21,957,6688,1216,1118,688,489,4693,168,53,1995
2024-08-28 06:59:35,931,5914,1205,1132,685,406,4423,3,52,1491
2024-08-28 06:29:32,931,5700,1104,1139,684,412,4330,-2,53,1369
2024-08-28 05:59:22,969,5519,1102,1140,685,489,4437,-3,52,1082
2024-08-28 05:30:51,927,5442,1084,1153,684,505,4408,-2,53,1034
2024-08-28 05:00:39,903,5367,875,1154,689,622,4298,-3,55,1069
2024-08-28 04:29:22,845,5285,901,1104,687,750,4342,-3,55,943
2024-08-28 03:59:41,846,5282,856,1114,686,805,4360,-3,53,922
2024-08-28 03:30:39,844,5255,944,1101,686,717,4345,-3,54,910
2024-08-28 02:59:40,873,5309,999,1150,686,639,4398,-3,51,910
2024-08-28 02:30:49,873,5276,1012,1150,688,530,4301,-3,48,974
2024-08-28 01:59:34,915,5430,1094,1164,685,536,4445,-3,52,985
2024-08-28 01:30:41,873,5455,1051,1163,685,529,4354,-3,53,1101
2024-08-28 01:00:33,842,5576,1059,1199,686,508,4346,-3,53,1229
2024-08-28 00:29:34,885,5755,1077,1187,687,432,4323,-3,55,1431
2024-08-28 00:00:29,893,5884,1060,1063,685,470,4224,-3,54,1659
2024-08-27 23:30:29,890,6103,992,1099,686,468,4189,-3,52,1913
2024-08-27 22:59:22,902,6382,1326,1207,684,553,4731,-2,53,1651
2024-08-27 22:29:27,986,6673,1452,1211,680,330,4714,-3,52,1958
2024-08-27 21:59:50,920,6951,1513,1198,680,322,4691,-3,54,2260
2024-08-27 21:24:50,1005,7361,1530,1221,681,423,4927,-3,53,2433
2024-08-27 19:55:47,951,7249,1709,1306,683,342,5050,0,52,2199
2024-08-27 19:25:41,920,7172,1718,1292,681,184,4887,35,54,2285
2024-08-27 18:55:30,922,7112,1819,1285,678,130,4963,79,53,2161
2024-08-27 18:25:49,856,6990,1705,1253,681,220,4920,150,52,2070
2024-08-27 17:56:32,806,7013,1581,1242,680,345,4946,230,51,2067
2024-08-27 17:25:49,772,6852,1290,1145,681,425,4612,236,50,2239
2024-08-27 16:55:39,812,6938,1419,1237,682,373,4819,241,52,2118
2024-08-27 16:25:43,725,6905,1727,1228,681,378,5078,285,51,1826
2024-08-27 15:55:29,784,6982,1730,1220,680,340,5167,357,52,1815
2024-08-27 15:25:44,757,6895,1628,1219,679,427,5176,401,53,1718
2024-08-27 14:55:34,767,6883,1553,1195,679,411,5142,483,51,1740
2024-08-27 14:25:26,743,7013,1367,1146,681,445,5006,571,52,2006
2024-08-27 13:55:25,737,7069,1327,1147,681,378,5021,693,55,2048
2024-08-27 13:26:31,697,7016,1110,1148,682,483,4912,735,53,2103
2024-08-27 12:56:32,686,6748,761,1159,680,656,4668,666,55,2079
2024-08-27 12:25:28,679,6609,690,1150,680,635,4532,641,53,2076
2024-08-27 11:55:47,622,6614,1043,1204,680,614,4972,752,53,1642
2024-08-27 11:25:33,645,6679,1171,1214,682,515,4877,595,53,1801
2024-08-27 10:55:48,627,6662,1309,1203,680,454,4878,544,54,1784
2024-08-27 10:25:38,677,6750,1341,1223,666,367,4850,515,54,1899
2024-08-27 09:56:20,719,6796,1317,1267,664,303,4832,501,54,1963
2024-08-27 09:26:22,719,6845,1316,1273,667,358,4755,364,55,2089
2024-08-27 08:51:18,800,6782,1287,1221,678,520,4858,273,56,1924
2024-08-27 06:55:31,741,5848,1188,1295,682,860,4823,2,51,1025
2024-08-27 06:25:23,735,5704,1191,1291,678,748,4695,-4,53,1008
2024-08-27 05:55:42,792,5508,1155,1291,681,734,4705,-4,53,802
2024-08-27 05:25:33,786,5378,1113,1272,681,709,4616,-4,53,761
2024-08-27 04:55:17,691,5329,1074,1321,680,626,4441,-4,51,888
2024-08-27 04:25:42,694,5292,1072,1318,681,596,4410,-4,51,882
2024-08-27 03:55:29,675,5312,1099,1307,680,572,4383,-4,52,928
2024-08-27 03:25:39,684,5292,1135,1315,680,502,4365,-4,52,926
2024-08-27 02:56:49,729,5329,1123,1329,681,459,4370,-4,51,959
2024-08-27 02:25:38,762,5400,1122,1322,680,430,4366,-4,51,1033
2024-08-27 01:55:34,677,5469,1011,1241,681,423,4085,-4,53,1383
2024-08-27 01:26:51,675,5579,1302,1304,682,428,4442,-4,51,1136
2024-08-27 00:56:41,704,5675,1479,1275,681,402,4592,-4,52,1082
2024-08-27 00:25:26,730,5849,1495,1300,678,416,4667,-4,51,1181
2024-08-26 23:55:48,706,6022,1475,1280,681,444,4638,-4,53,1384
2024-08-26 23:24:32,757,6288,1510,1306,677,433,4735,-4,53,1552
2024-08-26 22:55:47,699,6540,1564,1296,683,519,4817,-3,52,1722
2024-08-26 22:26:34,727,6883,1798,1270,679,549,5073,-3,51,1809
2024-08-26 21:36:27,754,7491,2049,1314,678,697,5560,-4,52,1931
2024-08-26 19:59:27,790,7538,1975,1277,678,819,5591,0,49,1946
2024-08-26 19:29:47,791,7474,1614,1194,673,886,5239,27,50,2235
2024-08-26 18:59:17,797,7428,1547,1151,672,1143,5463,101,48,1965
2024-08-26 18:29:27,772,7386,1442,1197,672,1320,5640,182,52,1745
2024-08-26 17:59:25,804,7344,1437,1226,673,1368,5888,326,51,1455
2024-08-26 17:29:19,772,7231,1319,1222,673,1264,5751,440,53,1479
2024-08-26 16:59:42,798,7123,1812,1218,674,1179,6359,626,50,763
2024-08-26 16:29:34,768,7065,1821,1227,664,1207,6449,709,50,615
2024-08-26 15:59:40,782,6984,1913,1206,664,1144,6568,809,48,415
2024-08-26 15:29:36,777,6893,1908,1186,666,1146,6529,788,48,364
2024-08-26 15:00:27,725,6819,1851,1181,664,1137,6448,841,47,370
2024-08-26 14:29:37,728,6812,1836,1190,659,1134,6513,915,48,299
2024-08-26 14:00:38,795,6949,1697,1194,658,1328,6672,949,48,277
2024-08-26 13:29:24,797,6708,1659,1198,649,1154,6535,1029,47,173
2024-08-26 12:59:45,718,6625,1790,1195,649,1076,6529,1050,48,95
2024-08-26 12:29:27,705,6515,1653,1196,648,1040,6358,1063,46,156
2024-08-26 11:59:31,652,6376,1181,1172,652,824,5633,1101,48,743
2024-08-26 11:29:28,628,6407,1056,1143,1313,740,5984,1052,49,422
2024-08-26 10:59:38,701,6316,1258,1171,1325,660,6093,927,48,222
2024-08-26 10:29:36,706,6360,1056,1156,1326,565,5758,894,51,601
2024-08-26 09:59:39,692,6296,1076,1185,1327,376,5492,781,52,804
2024-08-26 09:29:35,702,6467,1203,1188,1321,262,5401,671,52,1065
2024-08-26 08:59:27,718,6403,1226,1279,1337,252,5361,490,52,1042
2024-08-26 07:55:21,783,6142,1138,1302,1333,414,5200,154,53,941
2024-08-26 06:47:42,685,5504,1090,1292,1338,383,4843,2,49,660
2024-08-26 06:17:31,667,5430,1027,1216,1335,417,4709,-2,47,720
2024-08-26 05:46:14,710,5135,1077,1217,1333,342,4724,-2,46,410
2024-08-26 05:16:33,682,4983,1008,1204,1335,352,4632,-2,45,350
2024-08-26 04:47:28,688,4890,986,1210,1336,364,4632,-2,46,258
2024-08-26 04:17:51,686,4885,985,1205,1335,348,4606,-1,48,279
2024-08-26 03:46:21,686,4823,990,1239,1337,285,4583,-2,46,240
2024-08-26 03:17:26,688,4866,997,1245,1333,295,4611,-1,47,255
2024-08-26 02:46:44,656,4904,979,1222,1335,279,4518,-2,46,385
2024-08-26 02:18:41,707,5045,998,1239,1332,360,4682,-2,46,363
2024-08-26 01:48:43,676,5065,969,1264,1335,213,4510,1,48,555
2024-08-26 01:16:43,727,5288,1063,1277,1334,266,4750,31,46,538
2024-08-26 00:46:27,711,5270,1241,1112,1335,105,4549,-3,46,720
2024-08-26 00:17:24,806,5399,1208,1060,1332,87,4544,-3,45,855
2024-08-25 23:47:47,761,5615,1133,1001,1333,98,4374,-2,44,1240
2024-08-25 23:17:18,781,5810,1290,1005,1333,177,4640,-2,44,1170
2024-08-25 22:46:42,735,6053,1278,1019,1335,276,4685,-2,43,1367
2024-08-25 22:17:43,801,6301,1297,1022,1337,400,4899,-2,43,1401
2024-08-25 21:41:38,713,6595,1298,1024,1334,561,4992,-2,44,1602
2024-08-25 19:56:39,798,6511,1307,965,1338,631,5110,2,44,1400
2024-08-25 19:26:26,759,6440,1305,936,1334,636,5072,48,46,1368
2024-08-25 18:55:43,802,6302,1429,945,1342,733,5444,146,45,857
2024-08-25 18:26:34,963,7179,1109,1217,1426,1212,6516,557,28,662
2024-08-25 17:57:41,729,5920,1006,909,1334,732,5217,449,43,703
2024-08-25 17:26:36,675,5681,874,908,1335,649,5102,617,42,578
2024-08-25 16:57:45,731,5396,869,807,1333,637,5216,785,44,180
2024-08-25 16:25:31,684,5177,669,805,1333,624,5005,845,41,171
2024-08-25 15:54:43,703,5018,676,804,1331,642,5216,1008,42,-198
2024-08-25 15:27:44,690,4854,574,810,1329,627,5122,1046,43,-267
2024-08-25 14:55:50,687,4745,501,797,1334,634,5098,1101,41,-353
2024-08-25 14:25:26,672,4675,516,805,1332,650,5149,1127,43,-474
2024-08-25 13:55:32,685,4551,498,803,1331,640,5155,1155,44,-604
2024-08-25 13:27:29,860,5860,687,1136,1426,1215,6329,972,29,-469
2024-08-25 12:55:39,632,4533,414,826,1333,649,5095,1194,44,-561
2024-08-25 12:26:38,628,4473,422,814,1332,603,5031,1180,43,-544
2024-08-25 11:56:27,633,4432,470,810,1335,490,4920,1137,43,-488
2024-08-25 11:25:44,634,4388,561,802,1334,434,4881,1071,42,-493
2024-08-25 10:57:42,631,4368,587,819,1331,403,4873,1051,44,-505
2024-08-25 10:25:26,628,4363,694,823,1334,341,4809,942,44,-445
2024-08-25 09:56:49,635,4428,747,822,1333,293,4705,828,44,-277
2024-08-25 09:25:30,649,4569,809,906,1335,313,4766,701,44,-196
2024-08-25 08:55:23,627,4646,762,910,1337,391,4613,538,44,32
2024-08-25 08:26:31,670,4653,776,910,1333,544,4647,366,44,6
2024-08-25 07:56:31,663,4671,738,908,1336,734,4603,176,45,67
2024-08-25 07:25:23,665,4657,743,921,1334,931,4699,58,43,-41
2024-08-25 06:56:50,647,4634,783,932,1335,1007,4760,8,44,-126
2024-08-25 06:26:41,633,4675,769,911,1335,1081,4773,-2,43,-98
2024-08-25 05:55:21,638,4758,782,908,1335,1104,4814,-2,47,-55
2024-08-25 05:25:17,638,4716,782,908,1335,1087,4790,-3,46,-73
2024-08-25 04:55:33,637,4722,790,909,1333,1022,4734,-3,44,-11
2024-08-25 04:25:23,636,4766,792,906,1335,984,4696,-3,44,70
2024-08-25 03:54:41,637,4790,801,941,1334,862,4621,-3,45,169
2024-08-25 03:25:35,670,4818,797,946,1337,768,4565,-3,45,253
2024-08-25 02:55:24,690,4863,905,980,1334,610,4565,-3,44,297
2024-08-25 02:25:47,721,4933,951,988,1334,526,4566,-3,46,367
2024-08-25 01:55:38,714,5026,968,983,1334,408,4446,-3,36,579
2024-08-24 19:17:36,882,6691,1363,1176,1322,216,5088,74,48,1603
2024-08-24 18:48:30,907,6569,1419,1098,1323,227,5219,187,50,1350
2024-08-24 18:17:36,869,6399,1218,1019,1318,295,5109,334,50,1290
2024-08-24 17:47:35,892,6181,1162,1022,1318,269,5281,568,47,899
2024-08-24 17:10:27,874,5907,1061,1030,1314,264,5361,764,48,545
2024-08-24 16:38:19,786,5585,646,942,1317,274,4906,892,48,679
2024-08-24 16:08:22,776,5694,545,1131,1316,258,5081,1008,47,612
2024-08-24 15:39:50,782,5326,587,926,1316,264,4935,1012,45,391
2024-08-24 15:08:14,738,5268,511,952,1316,241,4970,1164,45,297
2024-08-24 14:38:45,753,5178,475,969,1306,239,4965,1173,47,213
2024-08-24 14:08:25,782,5211,515,985,1285,232,5045,1198,46,166
2024-08-24 13:39:40,785,5168,489,979,1287,242,5054,1220,48,114
2024-08-24 13:09:28,788,5145,486,983,1295,234,5045,1213,43,99
2024-08-24 12:39:33,767,5143,511,980,1319,252,5090,1216,43,53
2024-08-24 12:08:24,759,5109,527,977,1284,258,5009,1158,44,99
2024-08-24 11:38:22,756,5066,634,1027,1275,248,5099,1113,43,-33
2024-08-24 11:08:33,763,5091,634,1022,1282,212,5023,1060,45,48
2024-08-24 10:38:35,732,5118,690,1067,1319,176,5014,982,45,104
2024-08-24 10:08:26,763,5155,818,1175,1287,166,5144,885,46,10
2024-08-24 09:39:48,773,5233,850,1184,1280,165,5070,766,49,162
2024-08-24 09:07:47,778,5321,922,1200,1279,157,4980,595,48,340
2024-08-24 08:38:18,839,5340,1058,1216,1332,223,5153,426,49,187
2024-08-24 08:08:47,854,5361,1056,1216,1328,322,5063,237,49,297
2024-08-24 07:38:42,857,5280,1034,1208,1329,385,4972,105,49,308
2024-08-24 07:08:42,865,5173,1086,1227,1329,346,4933,23,50,240
2024-08-24 06:38:32,872,5100,1019,1220,1333,298,4796,0,51,303
2024-08-24 06:08:46,890,5130,1062,1215,1332,269,4819,-1,50,310
2024-08-24 05:38:36,873,5086,1026,1223,1330,218,4723,-1,53,362
2024-08-24 05:08:41,888,5105,1025,1233,1329,194,4722,-1,50,382
2024-08-24 04:37:43,879,5115,1034,1243,1331,161,4700,-1,51,415
2024-08-24 04:08:39,883,5170,1033,1257,1332,145,4702,-1,50,467
2024-08-24 03:38:29,882,5164,1034,1264,1325,128,4682,-1,50,481
2024-08-24 03:08:43,890,5193,1035,1265,1330,116,4693,-1,52,499
2024-08-24 02:38:41,878,5259,1040,1260,1328,110,4665,-1,48,593
2024-08-24 02:08:48,896,5341,1040,1257,1328,121,4693,-1,50,647
2024-08-24 01:38:22,886,5435,1058,1257,1318,128,4697,-1,49,738
2024-08-24 01:08:16,869,5542,1139,1246,1321,189,4827,-1,48,714
2024-08-24 00:38:17,1090,5686,1159,1225,1318,194,5036,-1,48,650
2024-08-24 00:08:23,1074,5881,1244,1228,1318,197,5108,-1,47,773
2024-08-23 23:39:33,1085,6055,1208,1165,1315,245,5066,-1,47,988
2024-08-23 23:07:16,1068,6352,1309,1187,1319,253,5188,-1,47,1163
2024-08-23 22:38:24,1036,6623,1395,1197,1314,206,5196,-2,49,1427
2024-08-23 22:08:28,1106,6923,1428,1218,1314,178,5287,-2,50,1635
2024-08-23 21:41:23,1117,7235,1495,1210,1317,167,5377,-2,51,1857
2024-08-23 19:55:19,1121,7352,1585,1206,1316,121,5409,6,50,1942
2024-08-23 19:25:33,1078,7250,1498,1201,1314,144,5361,70,51,1888
2024-08-23 18:56:49,1104,7240,1543,1182,1313,148,5519,175,51,1721
2024-08-23 18:25:48,1076,7069,1385,1152,1326,174,5495,324,55,1573
2024-08-23 17:57:32,1082,6883,1277,1124,1328,174,5563,512,55,1320
2024-08-23 17:26:25,1043,6666,1241,1111,1303,129,5565,683,53,1101
2024-08-23 16:55:30,1005,6504,1235,1170,1290,121,5694,817,52,810
2024-08-23 16:25:24,947,6303,1137,1156,1310,111,5625,912,49,677
2024-08-23 15:57:31,896,6235,1109,1114,1287,56,5545,1027,50,690
2024-08-23 15:27:19,859,6088,1106,1105,1280,44,5549,1103,49,538
2024-08-23 14:55:42,814,5988,1032,1102,1280,51,5495,1165,49,493
2024-08-23 14:25:40,851,6022,984,1102,1278,64,5542,1209,50,479
2024-08-23 13:55:24,864,5992,817,1120,1276,94,5444,1221,50,548
2024-08-23 13:25:21,858,5897,814,1119,1276,149,5510,1245,47,387
2024-08-23 12:56:21,845,5865,857,1113,1282,228,5617,1240,48,247
2024-08-23 12:26:43,821,5817,754,1092,1260,307,5509,1224,49,308
2024-08-23 11:55:28,824,5793,847,1154,1256,423,5737,1179,49,56
2024-08-23 11:25:35,818,5804,852,1166,1304,489,5802,1122,49,1
2024-08-23 10:55:42,820,5878,927,1122,1279,566,5816,1049,50,61
2024-08-23 10:25:27,844,5931,1031,1120,1255,626,5896,969,48,34
2024-08-23 09:55:22,833,6111,1008,1131,1289,750,5856,789,54,254
2024-08-23 09:25:46,865,6183,1143,1212,1335,724,6007,673,52,176
2024-08-23 08:54:30,896,6284,1126,1223,1333,772,5894,489,53,390
2024-08-23 08:04:37,911,6221,1146,1218,1331,877,5770,213,53,450
2024-08-23 06:48:44,880,5614,1020,1218,1335,1184,5695,5,51,-80
2024-08-23 06:16:36,878,5491,1033,1206,1335,1217,5723,-2,52,-231
2024-08-23 05:47:32,871,5401,1020,1214,1332,1189,5680,-3,53,-279
2024-08-23 05:17:21,859,5316,1024,1205,1334,1184,5660,-3,52,-343
2024-08-23 04:46:48,859,5239,1021,1217,1333,1155,5640,-2,52,-400
2024-08-23 04:16:42,836,5252,1021,1210,1331,1206,5659,-3,51,-406
2024-08-23 03:47:16,881,5207,1007,1249,1333,1133,5657,-3,51,-449
2024-08-23 03:17:17,877,5238,1008,1254,1332,1074,5604,-3,51,-365
2024-08-23 02:47:28,874,5288,1005,1249,1334,1123,5640,-3,52,-352
2024-08-23 02:17:20,879,5319,1006,1247,1330,1205,5721,-3,51,-402
2024-08-23 01:47:49,907,5433,1015,1240,1334,1245,5797,-2,53,-364
2024-08-23 01:16:21,918,5511,1017,1243,1335,1291,5858,-3,50,-347
2024-08-23 00:46:48,891,5627,1117,1219,1333,1291,5904,-3,51,-277
2024-08-23 00:17:19,909,5794,1150,1179,1335,1267,5895,-2,52,-75
2024-08-22 23:46:35,845,6038,1134,1098,1334,1376,5841,-2,52,196
2024-08-22 23:16:36,904,6305,1153,1149,1334,1364,5962,-2,53,342
2024-08-22 22:47:35,888,6613,1211,1194,1329,1183,5837,-3,52,776
2024-08-22 22:17:36,940,6896,1324,1215,1324,1093,5950,-4,53,946
2024-08-22 21:22:26,944,7457,1477,1219,1322,811,5847,-4,53,1609
2024-08-22 19:55:28,934,7352,1495,1182,1324,519,5520,14,54,1831
2024-08-22 19:25:37,880,7253,1475,1185,1321,494,5470,48,55,1782
2024-08-22 18:55:39,925,7209,1562,1196,1320,498,5712,153,56,1496
2024-08-22 18:26:22,884,7081,1439,1150,1319,534,5641,255,57,1439
2024-08-22 17:56:24,898,7016,1286,1147,1320,593,5699,391,55,1317
2024-08-22 17:26:20,818,6903,1235,1138,1319,585,5626,474,54,1277
2024-08-22 16:55:45,839,6852,1337,1143,1324,553,5854,603,52,997
2024-08-22 16:25:26,771,6695,1204,1149,1320,542,5786,744,53,909
2024-08-22 15:56:23,782,6562,1179,1147,1322,492,5873,895,48,689
2024-08-22 15:25:40,774,6396,1173,1156,1321,535,5990,976,52,405
2024-08-22 14:56:36,735,6385,1160,1156,1324,586,6036,1019,53,349
2024-08-22 14:25:44,743,6367,1076,1141,1323,703,6089,1051,50,278
2024-08-22 13:55:39,771,6359,833,1014,1306,733,5762,1043,51,597
2024-08-22 13:27:45,747,6261,703,1017,1308,855,5814,1133,48,447
2024-08-22 12:56:29,752,6134,648,1023,1304,924,5830,1126,50,304
2024-08-22 12:25:16,709,6088,621,1006,1281,926,5720,1125,49,367
2024-08-22 11:57:46,714,6065,606,982,1277,924,5661,1107,49,404
2024-08-22 11:25:39,707,6045,753,1113,1264,893,5774,990,50,271
2024-08-22 10:55:46,704,6108,889,1100,1283,885,5849,935,50,259
2024-08-22 10:25:48,760,7281,1100,1118,1276,873,6009,826,51,1271
2024-08-22 09:56:49,728,6133,903,1128,1266,777,5563,704,53,569
2024-08-22 09:25:22,752,6313,956,1147,1304,808,5650,628,52,663
2024-08-22 08:50:27,726,6368,1004,1110,1322,906,5530,385,51,837
2024-08-22 07:45:45,781,6207,1133,1204,1328,782,5414,118,52,792
2024-08-22 06:38:48,783,5624,1086,1219,1326,512,4980,0,51,644
2024-08-22 06:08:41,790,5555,1082,1213,1325,429,4890,-3,50,664
2024-08-22 05:38:18,738,5434,1069,1223,1326,352,4759,-3,51,674
2024-08-22 05:09:23,726,5356,1071,1206,1323,264,4639,-3,50,717
2024-08-22 04:38:46,769,5295,1069,1222,1322,187,4618,-3,50,676
2024-08-22 04:08:35,772,5283,1071,1231,1327,168,4617,-3,49,665
2024-08-22 03:38:19,770,5236,1069,1256,1322,136,4602,-3,49,634
2024-08-22 03:08:18,771,5282,1069,1256,1323,101,4574,-3,50,708
2024-08-22 02:38:38,772,5394,1077,1257,1324,84,4554,-3,40,840
2024-08-22 02:08:40,792,5460,1077,1258,1327,80,4582,-3,50,877
2024-08-22 01:38:52,794,5488,1089,1248,1320,65,4565,-3,50,923
2024-08-22 01:08:43,835,5620,1169,1252,1316,0,4625,-3,48,994
2024-08-22 00:38:34,844,5740,1211,1230,1319,-5,4648,-3,51,1091
2024-08-22 00:08:24,855,5942,1300,1235,1317,-9,4748,-2,51,1193
2024-08-21 23:38:44,818,6189,1234,1172,1316,-11,4577,-2,50,1611
2024-08-21 23:08:38,814,6431,1327,1179,1318,-7,4684,-2,51,1747
2024-08-21 22:38:47,799,6723,1342,1221,1318,-6,4723,-2,49,1999
2024-08-21 22:08:22,851,7063,1463,1240,1319,-1,4921,-1,51,2141
2024-08-21 21:23:40,819,7531,1572,1275,1316,37,5094,0,51,2436
2024-08-21 19:59:30,845,7415,1531,1235,1318,41,5031,5,51,2383
2024-08-21 19:30:27,798,7383,1523,1252,1313,54,5038,45,52,2344
2024-08-21 18:59:41,807,7323,1473,1249,1312,84,5103,125,51,2219
2024-08-21 18:29:25,760,7259,1419,1203,1314,181,5207,276,52,2051
2024-08-21 17:59:21,839,7169,1437,1205,1314,228,5473,397,50,1696
2024-08-21 17:30:23,800,6949,1278,1181,1318,181,5321,508,50,1627
2024-08-21 17:00:47,844,6828,1272,1165,1319,164,5488,672,50,1339
2024-08-21 16:30:36,801,6743,1302,1153,1314,163,5590,806,47,1153
2024-08-21 15:59:21,797,6552,1181,1094,1312,173,5500,889,45,1052
2024-08-21 15:29:44,765,6426,1188,1092,1298,197,5599,1011,46,827
2024-08-21 15:00:41,735,6425,1092,1106,1292,269,5611,1070,44,813
2024-08-21 14:30:31,737,6335,1137,1105,1286,124,5555,1119,46,780
2024-08-21 13:59:42,764,6283,1089,1080,1289,119,5493,1102,47,790
2024-08-21 13:29:42,754,6293,1076,1087,1316,79,5418,1057,46,874
2024-08-21 13:00:37,749,6274,1076,1051,1319,54,5430,1131,47,843
2024-08-21 12:29:32,748,6233,1116,1054,1314,49,5421,1090,46,812
2024-08-21 11:59:35,716,6196,1217,1046,1290,46,5413,1050,46,782
2024-08-21 11:29:33,719,6185,1071,1084,1291,37,5197,945,46,988
2024-08-21 10:59:29,729,6187,1094,1169,1314,32,5227,841,46,959
2024-08-21 10:29:23,730,6248,1146,1179,1281,44,5211,781,46,1037
2024-08-21 09:59:48,766,6273,1125,1185,1288,37,5172,716,52,1101
2024-08-21 09:29:18,807,6377,1204,1200,1286,36,5228,642,51,1148
2024-08-21 08:59:18,776,6338,1064,1202,1326,43,4887,422,51,1451
2024-08-21 08:29:42,814,6424,1201,1224,1323,39,4966,310,52,1457
2024-08-21 07:59:33,816,6254,1247,1227,1329,41,4882,169,49,1372
2024-08-21 07:29:22,814,6123,1168,1237,1325,32,4696,65,51,1427
2024-08-21 07:00:51,831,5836,1239,1220,1322,18,4695,12,50,1141
2024-08-21 06:29:40,820,5590,1093,1222,1323,33,4540,-3,51,1049
2024-08-21 06:00:48,809,5489,1085,1221,1322,33,4519,-4,51,970
2024-08-21 05:29:21,786,5350,1071,1216,1322,25,4471,-3,52,878
2024-08-21 04:59:37,758,5289,1096,1204,1328,21,4457,-3,51,832
2024-08-21 04:29:32,790,5296,1059,1207,1321,-2,4425,-3,51,871
2024-08-21 03:59:45,787,5277,1055,1252,1326,-7,4461,-3,50,815
2024-08-21 03:29:38,793,5269,1059,1248,1324,-8,4465,-3,51,803
2024-08-21 03:00:45,762,5274,1065,1239,1324,-3,4436,-3,51,838
2024-08-21 02:30:51,818,5374,1066,1242,1324,-7,4482,-3,48,892
2024-08-21 01:59:48,775,5424,1077,1236,1324,-1,4462,-3,52,962
2024-08-21 01:29:27,782,5532,1078,1239,1323,21,4492,-3,50,1040
2024-08-21 00:59:49,772,5602,1174,1203,1322,34,4554,-2,50,1048
2024-08-21 00:30:46,821,5795,1188,1228,1328,28,4641,-3,48,1153
2024-08-20 23:59:42,774,6011,1233,1164,1322,45,4586,-3,50,1425
2024-08-20 23:29:39,817,6262,1232,1175,1323,59,4654,-3,49,1608
2024-08-20 22:59:43,789,6528,1270,1200,1322,91,4723,-3,51,1804
2024-08-20 22:29:16,846,6881,1412,1218,1322,114,4964,-3,51,1916
2024-08-20 21:59:15,835,7211,1472,1215,1320,146,5040,-2,51,2171
2024-08-20 21:06:28,873,7559,1551,1217,1323,237,5272,-2,52,2286
2024-08-20 19:38:29,822,7343,1559,1246,1324,137,5192,48,53,2151
2024-08-20 19:08:52,785,7242,1467,1243,1320,125,5099,104,51,2143
2024-08-20 18:38:42,774,7276,1636,1203,1324,122,5329,216,51,1946
2024-08-20 18:08:37,768,7109,1485,1189,1324,124,5234,291,50,1875
2024-08-20 17:38:28,803,7068,1357,1206,1320,106,5248,401,52,1820
2024-08-20 17:08:27,812,6981,1247,1201,1322,118,5221,465,52,1760
2024-08-20 16:38:42,866,6905,1378,1146,1322,110,5444,571,49,1460
2024-08-20 16:08:33,841,6820,1238,1153,1322,127,5417,685,50,1402
2024-08-20 15:38:33,816,6749,1294,1143,1322,127,5521,769,45,1228
2024-08-20 15:08:19,786,6656,1193,1136,1320,102,5465,876,46,1191
2024-08-20 14:38:37,791,6613,1210,1144,1321,73,5473,884,48,1139
2024-08-20 14:08:19,810,6606,1206,1153,1324,67,5481,871,47,1125
2024-08-20 13:38:30,779,6518,1204,1159,1321,62,5544,966,50,973
2024-08-20 13:08:31,787,6444,1194,1157,1321,51,5558,998,47,885
2024-08-20 12:38:31,771,6351,1190,1157,1308,39,5566,1048,49,784
2024-08-20 12:08:21,724,6239,1148,1134,1309,29,5407,1009,49,831
2024-08-20 11:38:45,774,6270,1191,1097,1311,26,5432,982,49,837
2024-08-20 11:08:35,780,6215,1210,1101,1324,26,5396,899,49,818
2024-08-20 10:38:25,756,6260,1186,1105,1306,38,5349,908,47,910
2024-08-20 10:08:48,790,6285,1241,1120,1294,16,5331,817,49,954
2024-08-20 09:38:27,766,6305,1163,1118,1294,8,5066,666,48,1239
2024-08-20 09:08:29,777,6364,1162,1127,1294,4,5011,587,51,1352
2024-08-20 08:38:15,804,6350,1149,1225,1329,3,4957,394,50,1393
2024-08-20 08:08:43,785,6287,1162,1222,1325,28,4847,273,49,1439
2024-08-20 07:38:34,760,6087,1116,1232,1324,52,4664,127,49,1423
2024-08-20 07:08:29,776,5883,1109,1235,1326,26,4554,33,48,1328
2024-08-20 06:38:26,743,5575,1064,1213,1324,17,4413,2,48,1161
2024-08-20 06:08:38,740,5510,983,1218,1326,13,4325,-3,46,1184
2024-08-20 05:38:28,774,5332,1041,1229,1324,11,4432,-3,48,900
2024-08-20 05:08:16,763,5298,1039,1221,1324,0,4395,-3,49,903
2024-08-20 04:38:41,771,5233,1029,1230,1321,-2,4395,-3,48,837
2024-08-20 04:08:32,778,5227,1033,1250,1320,0,4428,-3,49,798
2024-08-20 03:38:27,774,5231,1034,1264,1329,-5,4444,-3,49,787
2024-08-20 03:09:52,783,5253,1032,1268,1324,6,4461,-3,49,791
2024-08-20 02:39:42,806,5355,1036,1259,1325,12,4485,-3,50,869
2024-08-20 02:08:27,806,5389,1113,1257,1329,19,4571,-3,48,818
2024-08-20 01:38:51,813,5521,1048,1253,1315,28,4503,-3,48,1017
2024-08-20 01:08:41,801,5592,1132,1258,1315,37,4596,-3,48,986
2024-08-20 00:38:32,801,5745,1155,1233,1316,59,4614,-3,50,1131
2024-08-20 00:08:20,823,5962,1250,1243,1317,70,4751,-3,49,1211
2024-08-19 23:38:44,831,6217,1190,1213,1321,90,4695,-3,50,1522
2024-08-19 23:08:27,842,6463,1259,1214,1317,113,4800,-3,52,1663
2024-08-19 22:38:16,823,6794,1383,1210,1312,152,4927,-3,47,1866
2024-08-19 22:08:36,837,7155,1721,1302,1307,140,5354,-2,46,1800
2024-08-19 19:59:34,799,7455,1909,1243,1310,216,5538,16,43,1917
2024-08-19 19:30:53,791,7501,1871,1270,1309,222,5591,71,49,1910
2024-08-19 19:00:44,765,7485,1806,1245,1312,217,5569,172,48,1915
2024-08-19 18:30:32,748,7247,1530,1137,1311,242,5342,322,50,1905
2024-08-19 17:59:22,753,7062,1372,1111,1317,293,5401,498,48,1661
2024-08-19 17:29:27,708,6926,1225,1115,1254,296,5306,657,47,1620
2024-08-19 16:59:19,696,6681,1272,1095,1247,293,5482,828,47,1199
2024-08-19 16:25:52,680,6583,1191,1090,1282,291,5510,926,46,1072
2024-08-19 15:53:30,656,6425,1164,1087,1284,294,5556,1024,44,868
2024-08-19 15:18:27,624,6381,1172,1061,1246,275,5528,1102,46,852
2024-08-19 14:47:29,597,6329,1161,1054,1249,263,5536,1163,46,793
2024-08-19 14:16:43,515,6280,1154,1057,1290,265,5529,1188,42,750
2024-08-19 13:47:22,534,6254,1087,1028,1289,308,5481,1190,43,773
2024-08-19 13:17:46,518,6208,1087,1024,1267,297,5424,1186,43,783
2024-08-19 12:47:36,540,6180,1109,1025,1253,262,5436,1201,44,743
2024-08-19 12:16:46,552,6084,1051,1117,1295,189,5462,1209,44,622
2024-08-19 11:48:23,545,6094,1031,1125,1292,134,5320,1146,45,773
2024-08-19 11:16:43,513,6069,1106,1042,1279,89,5181,1103,45,888
2024-08-19 10:47:25,519,6138,1027,1040,1283,122,5059,1020,45,1079
2024-08-19 10:17:48,579,6176,1149,1147,1274,119,5240,924,46,935
2024-08-19 09:47:16,555,6245,1160,1152,1277,41,5024,788,48,1220
2024-08-19 09:17:35,594,6191,1178,1166,1323,32,4987,645,47,1203
2024-08-19 08:47:23,595,6174,1156,1179,1344,26,4804,453,49,1370
2024-08-19 08:16:34,595,6090,1247,1166,1341,28,4720,295,46,1370
2024-08-19 07:47:25,536,5915,1133,1179,1344,24,4417,144,47,1497
2024-08-19 07:17:27,716,5717,1099,1164,1340,17,4441,54,49,1276
2024-08-19 06:47:50,718,5381,1064,1174,1337,12,4356,6,42,1025
2024-08-19 06:17:40,691,5187,1044,1175,1338,3,4292,-2,41,894
2024-08-19 05:46:43,684,4988,1041,1179,1342,11,4302,-3,42,686
2024-08-19 05:17:46,685,4868,1025,1176,1341,15,4283,-3,41,585
2024-08-19 04:47:44,684,4802,1020,1173,1337,23,4278,-3,42,523
2024-08-19 04:17:35,679,4775,1016,1171,1341,35,4284,-3,42,491
2024-08-19 03:46:45,683,4809,1016,1218,1343,29,4330,-3,42,478
2024-08-19 03:18:21,684,4832,1015,1211,1341,34,4329,-3,41,503
2024-08-19 02:46:24,685,4866,1009,1215,1339,32,4320,-3,40,546
2024-08-19 02:17:25,693,4935,1014,1204,1342,51,4344,-3,41,590
2024-08-19 01:46:35,683,5008,1038,1204,1338,69,4364,-3,42,643
2024-08-19 01:16:31,708,5077,1036,1210,1340,81,4421,-3,41,656
2024-08-19 00:47:24,814,5240,1128,1162,1343,108,4592,-3,38,648
2024-08-19 00:17:48,827,5391,1143,1184,1342,139,4687,-3,40,703
2024-08-18 23:47:38,816,5573,1121,1168,1342,210,4693,-3,38,879
2024-08-18 23:17:32,855,5822,1149,1175,1340,236,4799,-3,40,1022
2024-08-18 22:47:52,842,6036,1427,1188,1341,246,5085,-2,41,950
2024-08-18 22:17:41,859,6284,1430,1206,1343,249,5126,-2,39,1158
2024-08-18 21:43:41,869,6536,1486,1290,1341,223,5269,-2,40,1266
2024-08-18 19:59:26,776,6411,1447,1258,1342,310,5194,18,40,1217
2024-08-18 19:30:27,782,6383,1449,1235,1337,338,5263,76,38,1120
2024-08-18 18:59:18,810,6209,1418,1129,1340,439,5347,167,41,861
2024-08-18 18:29:48,776,6038,1279,1093,1339,491,5317,297,39,721
2024-08-18 17:59:23,805,5774,1154,1099,1345,508,5409,450,38,365
2024-08-18 17:29:15,765,5572,1060,1084,1343,458,5364,615,36,207
2024-08-18 17:00:16,781,5420,857,1060,1335,467,5282,741,39,137
2024-08-18 16:29:25,736,5210,750,1071,1338,464,5143,744,37,66
2024-08-18 15:59:31,778,5082,703,1060,1334,444,5159,800,37,-76
2024-08-18 15:30:44,776,4956,651,1060,1337,409,5181,906,38,-224
2024-08-18 14:59:45,738,4847,693,1061,1341,415,5205,916,38,-358
2024-08-18 14:29:50,738,4797,681,1054,1338,408,5211,951,39,-414
2024-08-18 14:00:46,772,4818,719,1063,1340,349,5252,965,40,-433
2024-08-18 13:29:30,739,4762,683,1064,1337,362,5240,1010,41,-478
2024-08-18 12:59:34,777,4684,732,1059,1337,295,5279,1036,40,-595
2024-08-18 12:29:43,753,4712,724,1063,1341,231,5161,1007,39,-449
2024-08-18 11:59:42,766,4700,729,1103,1338,135,5110,997,40,-410
2024-08-18 11:29:46,764,4653,713,1116,1337,81,4999,947,39,-346
2024-08-18 10:59:48,739,4627,697,1116,1342,71,4912,904,40,-285
2024-08-18 10:29:38,735,4712,704,1115,1334,76,4830,823,39,-117
2024-08-18 10:00:34,775,4713,887,1146,1340,82,4854,581,40,-140
2024-08-18 09:30:44,764,4783,938,1135,1341,77,4855,559,39,-72
2024-08-18 09:00:46,766,4788,943,1146,1338,85,4726,405,40,62
2024-08-18 08:30:39,765,4861,946,1146,1341,88,4657,328,40,204
2024-08-18 07:59:32,773,4801,1021,1155,1342,125,4649,192,40,152
2024-08-18 07:30:22,818,4824,1005,1171,1343,138,4602,93,39,222
2024-08-18 06:59:34,848,4757,1015,1180,1341,150,4602,26,38,155
2024-08-18 06:29:32,860,4820,997,1171,1343,138,4549,0,39,270
2024-08-18 05:59:23,858,4832,1015,1164,1337,139,4549,-3,37,282
2024-08-18 05:30:20,858,4862,1004,1174,1344,152,4562,1,38,299
2024-08-18 04:59:35,857,4848,1007,1167,1339,159,4566,-3,38,281
2024-08-18 04:30:34,855,4883,1007,1168,1339,164,4571,-3,39,312
2024-08-18 04:00:23,856,4894,1006,1198,1336,161,4596,-3,40,297
2024-08-18 03:29:29,835,4901,1004,1192,1343,180,4593,-3,39,307
2024-08-18 02:59:25,848,4967,1005,1203,1340,197,4627,-3,37,339
2024-08-18 02:29:23,850,5057,1004,1198,1343,232,4664,-3,39,392
2024-08-18 01:59:42,852,5094,1009,1194,1341,248,4683,-3,40,410
2024-08-18 01:29:15,846,5183,1017,1193,1343,237,4675,-3,41,507
2024-08-18 01:00:23,810,5316,1121,1159,1340,271,4743,-3,43,572
2024-08-18 00:29:33,824,5433,1136,1158,1341,329,4829,-3,43,603
2024-08-17 23:59:34,818,5582,1147,1156,1344,335,4842,-3,43,740
2024-08-17 23:29:25,829,5839,1151,1155,1340,360,4876,-3,42,963
2024-08-17 22:59:48,806,6085,1271,1180,1342,387,5028,-3,44,1057
2024-08-17 22:29:49,842,6305,1298,1177,1341,478,5180,-3,45,1124
2024-08-17 22:00:19,802,6612,1499,1180,1346,545,5417,-3,46,1195
2024-08-17 20:52:38,791,6884,1562,1189,1344,581,5527,1,45,1357
2024-08-17 19:38:36,795,6730,1738,1259,1341,541,5751,31,43,978
2024-08-17 19:08:24,783,6716,1724,1244,1340,526,5748,84,43,968
2024-08-17 18:38:37,833,6674,1210,1204,1340,571,5402,195,44,1271
2024-08-17 18:09:18,789,6594,1186,1196,1344,653,5522,308,43,1071
2024-08-17 17:38:29,825,6466,1181,1187,1342,724,5767,460,43,699
2024-08-17 17:08:35,789,6223,1053,1098,1340,721,5602,554,42,620
2024-08-17 16:38:22,802,6125,861,1092,1340,709,5539,696,35,585
2024-08-17 16:08:34,780,5885,740,990,1340,706,5408,819,31,476
2024-08-17 15:38:24,777,5725,783,954,1338,702,5594,1000,38,130
2024-08-17 15:08:43,778,5560,695,951,1339,676,5557,1076,39,3
2024-08-17 14:39:43,794,5456,746,939,1339,615,5452,978,38,4
2024-08-17 14:08:28,781,5433,619,936,1344,622,5414,1068,40,19
2024-08-17 13:38:51,784,5390,615,934,1338,619,5495,1161,40,-105
2024-08-17 13:09:37,759,5389,614,931,1341,598,5497,1210,40,-107
2024-08-17 12:38:36,727,5369,542,929,1341,494,5269,1194,40,100
2024-08-17 12:09:28,728,5318,595,931,1339,403,5201,1164,39,116
2024-08-17 11:39:47,766,5303,654,991,1345,300,5207,1108,41,95
2024-08-17 11:09:42,780,5324,663,998,1343,264,5164,1073,41,159
2024-08-17 10:39:24,746,5284,653,1006,1341,249,5019,980,41,265
2024-08-17 10:08:41,775,5334,781,1029,1342,223,5038,837,41,295
2024-08-17 09:38:40,802,5398,894,1136,1342,153,5109,737,43,289
2024-08-17 09:08:44,851,5404,1034,1157,1339,85,5043,532,43,360
2024-08-17 08:38:46,840,5390,1028,1154,1342,67,4861,384,44,528
2024-08-17 08:08:32,856,5345,1032,1164,1340,118,4803,251,43,541
2024-08-17 07:38:37,827,5237,1018,1162,1343,164,4665,103,44,572
2024-08-17 07:08:47,858,5157,1042,1176,1343,184,4687,37,45,469
2024-08-17 06:38:44,858,5067,1009,1167,1342,203,4627,2,44,439
2024-08-17 06:08:43,856,5089,1008,1165,1344,241,4660,-3,46,429
2024-08-17 05:38:33,857,5077,1008,1163,1339,249,4660,-3,44,417
2024-08-17 05:08:23,860,5085,1013,1174,1343,300,4730,-3,41,355
2024-08-17 04:38:30,862,5032,1009,1165,1337,324,4739,-3,42,293
2024-08-17 04:08:37,862,5100,1008,1189,1343,413,4859,-3,44,240
2024-08-17 03:38:26,888,5068,1003,1198,1338,417,4892,-3,44,175
2024-08-17 03:09:23,858,5134,1004,1208,1343,522,4978,-3,45,155
2024-08-17 02:38:24,822,5153,1007,1187,1340,665,5064,-3,44,89
2024-08-17 02:08:31,834,5250,1007,1187,1340,787,5199,-3,45,50
2024-08-17 01:38:21,851,5319,1014,1178,1336,801,5224,-3,45,94
2024-08-17 01:08:32,851,5461,1004,1201,1335,843,5278,-2,44,182
2024-08-17 00:38:35,962,5607,1096,1179,1338,904,5523,-2,45,84
2024-08-17 00:08:26,974,5755,1098,1181,1329,940,5567,-2,46,188
2024-08-16 23:38:49,978,6043,1076,1198,1335,976,5608,-2,45,435
2024-08-16 23:08:19,963,6314,1116,1183,1328,1037,5671,-2,45,642
2024-08-16 22:38:26,975,6572,1259,1226,1329,1016,5849,-2,44,722
2024-08-16 22:08:31,1003,6884,1472,1311,1328,891,6052,-2,46,832
2024-08-16 21:39:16,993,7178,1685,1311,1330,805,6198,-2,46,979
2024-08-16 21:00:23,1014,7283,1795,1295,1329,798,6305,-2,45,978
2024-08-16 20:23:38,949,7111,1741,1298,1323,778,6164,0,45,947
2024-08-16 19:38:42,976,7095,1631,1274,1326,893,6203,47,46,892
2024-08-16 19:08:46,932,7055,1618,1216,1328,1001,6237,95,44,818
2024-08-16 18:39:28,972,7044,1446,1226,1327,1003,6202,180,46,841
2024-08-16 18:08:28,916,6972,1295,1216,1328,1051,6152,299,44,819
2024-08-16 17:38:22,948,6930,1187,1206,1285,1084,6174,410,46,756
2024-08-16 17:08:30,918,6744,1062,1197,1283,1116,6162,536,48,582
2024-08-16 16:38:18,979,6631,1116,1221,1285,1029,6323,645,44,307
2024-08-16 16:08:26,977,6460,1057,1101,1285,999,6151,688,43,309
2024-08-16 15:38:49,920,6304,1039,1099,1316,934,6282,929,41,22
2024-08-16 15:08:23,895,6187,1032,1088,1315,906,6303,1023,41,-115
2024-08-16 14:38:22,896,6065,1008,1105,1314,859,6315,1091,40,-249
2024-08-16 14:08:21,886,5935,1008,1099,1312,845,6316,1123,40,-381
2024-08-16 13:38:45,898,5892,1015,1116,1297,770,6320,1180,41,-428
2024-08-16 13:07:47,892,5846,1040,1112,1299,682,6277,1200,40,-430
2024-08-16 12:38:22,895,5725,1046,1074,1299,598,6145,1190,40,-419
2024-08-16 12:08:31,891,5681,1050,1083,1298,540,6047,1142,41,-366
2024-08-16 11:38:39,843,5680,1047,1121,1312,452,5918,1097,43,-238
2024-08-16 11:08:18,894,5670,1085,1057,1297,388,5831,1064,43,-161
2024-08-16 10:38:21,897,5651,1051,1059,1235,306,5543,949,43,107
2024-08-16 10:08:44,895,5632,968,1039,1236,299,5334,851,45,297
2024-08-16 09:38:29,858,5693,979,1087,1241,265,5188,709,46,505
2024-08-16 09:08:20,885,5655,985,1094,1333,258,5178,574,45,476
2024-08-16 08:38:48,972,5698,1026,1179,1335,179,5160,420,45,548
2024-08-16 08:08:35,1006,5682,1043,1186,1333,124,5011,271,44,671
2024-08-16 07:38:30,964,5520,1036,1192,1332,146,4837,120,44,682
2024-08-16 07:08:16,966,5329,1040,1171,1335,132,4732,42,44,596
2024-08-16 06:38:20,940,5122,993,1170,1334,124,4607,4,39,514
2024-08-16 06:08:36,934,5042,999,1180,1336,127,4614,-3,40,428
2024-08-16 05:38:26,916,4979,988,1173,1333,118,4568,-3,40,411
2024-08-16 05:08:32,903,4952,992,1174,1334,127,4569,-3,39,382
2024-08-16 04:38:28,898,4938,1000,1171,1335,168,4610,-3,38,327
2024-08-16 04:08:32,893,4928,989,1175,1332,212,4640,-3,40,287
2024-08-16 03:38:21,931,4946,987,1204,1336,289,4784,-3,38,161
2024-08-16 03:08:42,918,4976,986,1205,1337,337,4821,-3,38,154
2024-08-16 02:38:17,940,5012,987,1202,1335,442,4945,-3,40,66
2024-08-16 02:07:20,937,5115,993,1205,1337,506,5016,-3,39,98
2024-08-16 01:38:50,937,5199,994,1198,1337,607,5112,-3,41,87
2024-08-16 01:08:32,930,5334,982,1211,1339,744,5245,-3,39,88
2024-08-16 00:38:33,874,5463,992,1167,1337,870,5280,-2,40,183
2024-08-16 00:08:17,926,5686,1097,1189,1333,887,5472,-2,40,213
2024-08-15 23:38:43,999,5900,1088,1196,1334,1072,5733,-3,43,167
2024-08-15 23:08:44,982,6134,1221,1205,1335,1057,5852,-2,45,281
2024-08-15 22:38:23,995,6407,1366,1212,1328,1072,6017,-2,45,389
2024-08-15 22:09:36,1033,6670,1443,1208,1329,1119,6172,-2,42,497
2024-08-15 21:38:39,1011,6887,1510,1207,1335,1176,6313,-2,45,574
2024-08-15 20:59:45,984,6955,1584,1199,1333,1253,6426,-2,45,529
2024-08-15 20:29:34,942,6809,1499,1192,1331,1303,6341,-1,44,467
2024-08-15 19:56:16,971,6785,1495,1181,1330,1272,6317,14,43,467
2024-08-15 19:25:24,890,6685,1573,1218,1335,1251,6381,68,44,304
2024-08-15 18:55:29,976,6619,1451,1169,1337,1159,6322,184,43,296
2024-08-15 18:25:32,917,6453,1312,1155,1334,1086,6173,320,44,280
2024-08-15 17:56:29,955,6344,1233,1141,1331,908,6132,515,44,211
2024-08-15 17:25:44,958,6175,1164,1114,1333,841,6048,594,43,126
2024-08-15 16:56:50,949,5969,1185,1090,1325,752,6081,733,43,-111
2024-08-15 16:25:35,914,5847,1199,1151,1323,703,6220,886,42,-372
2024-08-15 15:55:26,906,5624,1229,1085,1324,619,6177,970,41,-553
2024-08-15 15:26:23,905,5479,961,1082,1326,583,5921,1025,40,-442
2024-08-15 14:55:27,914,5329,955,1085,1320,556,6009,1137,39,-679
2024-08-15 14:25:35,909,5257,950,1081,1304,521,5993,1184,41,-735
2024-08-15 13:55:23,895,5195,940,1082,1303,466,5946,1215,42,-751
2024-08-15 13:25:19,900,5107,939,1089,1302,438,5947,1233,43,-840
2024-08-15 12:55:27,901,5090,951,1002,1333,394,5849,1223,42,-759
2024-08-15 12:25:44,905,5076,985,994,1330,409,5870,1204,41,-793
2024-08-15 11:56:25,888,5004,1035,998,1330,417,5878,1164,43,-873
2024-08-15 11:26:48,898,4976,1036,1002,1330,409,5837,1116,43,-860
2024-08-15 10:56:30,861,4908,924,1067,1328,357,5588,1004,44,-679
2024-08-15 10:26:17,868,4961,1016,1153,1305,358,5673,928,42,-712
2024-08-15 09:55:50,856,5068,970,1171,1299,302,5472,826,45,-403
2024-08-15 09:25:27,911,5138,1066,1171,1303,300,5502,702,47,-363
2024-08-15 08:55:28,933,5193,934,1184,1335,362,5330,535,46,-136
2024-08-15 08:26:29,976,5254,1048,1182,1334,349,5317,378,46,-63
2024-08-15 07:55:47,981,5240,1019,1194,1337,372,5151,199,46,88
2024-08-15 07:26:18,978,5224,1017,1187,1333,499,5150,92,42,73
2024-08-15 06:56:35,943,5108,983,1181,1329,514,5012,21,38,96
2024-08-15 06:26:18,943,5064,994,1176,1332,454,4940,0,39,124
2024-08-15 05:55:44,915,5061,933,1179,1330,386,4781,-3,39,280
2024-08-15 05:26:34,936,5295,931,1378,1334,349,4965,11,39,330
2024-08-15 04:55:20,956,5065,977,1171,1331,349,4826,-3,39,238
2024-08-15 04:28:32,962,5109,977,1180,1330,388,4885,-3,49,224
2024-08-15 03:55:34,978,5131,926,1211,1332,438,4935,-3,49,195
2024-08-15 03:26:28,943,5142,925,1203,1332,521,4971,-3,48,170
2024-08-15 02:55:48,935,5233,925,1209,1334,643,5094,-3,48,139
2024-08-15 02:26:43,939,5326,976,1203,1330,671,5167,-3,49,158
2024-08-15 01:55:31,942,5421,979,1208,1336,707,5210,-3,50,210
2024-08-15 01:25:52,984,5527,976,1201,1328,745,5287,0,50,239
2024-08-15 00:55:46,958,5688,1068,1223,1325,772,5401,0,52,286
2024-08-15 00:25:19,1045,5902,1070,1147,1325,829,5468,-2,52,433
2024-08-14 23:56:21,958,6143,1057,1152,1323,891,5431,-2,51,711
2024-08-14 23:26:21,1055,6448,1082,1148,1324,953,5614,-2,52,833
2024-08-14 22:55:42,990,6748,1137,1196,1325,1074,5774,-2,52,974
2024-08-14 22:25:27,1077,7112,1254,1277,1328,1134,6119,-2,50,993
2024-08-14 21:55:23,1123,7428,1484,1271,1322,1170,6423,-2,52,1005
2024-08-14 21:25:40,1198,7686,1544,1275,1323,1208,6632,-2,53,1054
2024-08-14 20:39:22,1152,7579,1681,1294,1319,1188,6714,-2,52,864
2024-08-14 20:08:22,1149,7560,1730,1286,1323,1211,6799,15,52,761
2024-08-14 19:38:15,1080,7545,1575,1258,1321,1270,6631,71,53,913
2024-08-14 19:08:18,1068,7462,1441,1257,1319,1253,6557,164,52,904
2024-08-14 18:38:27,1076,7379,1318,1140,1319,1145,6344,295,53,1035
2024-08-14 18:08:30,1019,7222,1152,1127,1318,1077,6185,439,50,1037
2024-08-14 17:38:41,998,7064,1090,1142,1297,1073,6282,629,49,781
2024-08-14 17:08:47,973,6900,1066,1068,1297,1052,6243,735,50,657
2024-08-14 16:39:27,982,6796,1179,1043,1296,1011,6401,842,47,395
2024-08-14 16:08:24,912,6683,1072,1038,1294,976,6270,927,49,412
2024-08-14 15:38:21,906,6480,1052,1044,1303,913,6264,994,48,216
2024-08-14 15:08:44,847,6386,1021,1054,1287,820,6197,1116,50,188
2024-08-14 14:39:20,893,6309,1094,1173,1283,766,6432,1170,50,-122
2024-08-14 14:09:45,896,6240,1093,1163,1277,624,6310,1204,50,-69
2024-08-14 13:39:21,902,6269,1144,1173,1279,568,6335,1214,52,-65
2024-08-14 13:08:34,897,6212,1080,1169,1286,546,6271,1240,51,-58
2024-08-14 12:38:40,901,6117,1125,1067,1292,544,6206,1232,50,-94
2024-08-14 12:08:35,917,6049,1030,1062,1291,551,6110,1209,48,-61
2024-08-14 11:38:26,900,6096,1066,1073,1283,557,6094,1162,48,2
2024-08-14 11:08:50,895,6056,1083,1068,1317,557,6067,1093,50,-10
2024-08-14 10:38:41,860,6055,1010,1182,1315,534,5950,1004,42,105
2024-08-14 10:08:32,914,6091,1103,1194,1283,522,5963,899,42,127
2024-08-14 09:38:23,884,6147,974,1201,1277,482,5653,785,47,493
2024-08-14 09:09:52,924,6227,1140,1207,1318,428,5729,662,48,497
2024-08-14 08:38:34,947,6215,1137,1290,1330,357,5561,449,47,654
2024-08-14 08:08:30,937,6201,1150,1292,1331,340,5379,280,46,821
2024-08-14 07:38:52,936,6010,1156,1302,1330,444,5349,130,49,660
2024-08-14 07:08:44,960,5809,1133,1299,1332,484,5300,40,49,508
2024-08-14 06:38:22,923,5519,1043,1287,1327,481,5114,4,47,404
2024-08-14 06:08:25,954,5364,975,1227,1331,443,4975,-2,45,389
2024-08-14 05:38:37,943,5305,964,1222,1332,407,4912,-3,45,392
2024-08-14 05:10:45,902,5243,952,1226,1335,381,4838,-3,43,404
2024-08-14 04:38:30,934,5192,957,1245,1330,381,4889,-3,42,302
2024-08-14 04:08:21,971,5200,967,1246,1331,377,4936,-3,45,264
2024-08-14 03:38:24,962,5213,967,1242,1332,367,4914,-3,45,299
2024-08-14 03:08:32,939,5277,968,1248,1329,375,4905,-3,47,371
2024-08-14 02:38:36,949,5339,969,1242,1330,367,4902,-3,45,437
2024-08-14 02:08:50,970,5391,1013,1242,1331,387,4985,-3,44,405
2024-08-14 01:38:40,751,5253,969,1240,1334,408,4747,-3,46,505
2024-08-14 01:08:30,997,5606,1012,1245,1328,430,5059,-2,44,547
2024-08-14 00:38:23,954,5772,1072,1221,1333,451,5075,-2,45,696
2024-08-14 00:08:47,900,6029,1160,1245,1332,502,5183,-2,45,845
2024-08-13 23:39:43,882,6304,1263,1287,1324,614,5415,-2,46,889
2024-08-13 23:08:33,853,6600,1478,1287,1325,630,5622,-2,45,977
2024-08-13 22:38:35,848,6961,1852,1277,1323,686,6032,-2,45,929
2024-08-13 22:08:42,882,7327,1999,1301,1323,722,6272,-3,45,1055
2024-08-13 21:38:33,747,7645,2100,1300,1321,760,6300,-3,45,1344
2024-08-13 20:57:27,753,7682,2088,1282,1320,765,6280,-3,44,1401
2024-08-13 20:20:43,969,7544,2080,1253,1320,662,6360,0,45,1183
2024-08-13 19:48:17,969,7578,1871,1255,1322,654,6153,34,44,1425
2024-08-13 19:16:17,961,7459,1669,1235,1320,704,6070,128,44,1389
2024-08-13 18:47:32,953,7360,1485,1205,1323,692,6007,298,48,1353
2024-08-13 18:17:51,949,7185,1173,1157,1321,703,5808,456,46,1376
2024-08-13 17:46:44,930,7002,1168,1057,1325,720,5888,647,43,1113
2024-08-13 17:16:20,900,6751,1091,1033,1321,702,5870,774,47,881
2024-08-13 16:47:26,900,6582,1075,993,1317,484,5668,850,46,914
2024-08-13 16:17:50,872,6444,1010,991,1322,431,5616,947,42,827
2024-08-13 15:47:40,798,6394,1046,996,1307,306,5538,1039,43,856
2024-08-13 15:16:20,764,6274,994,1001,1305,234,5442,1097,44,831
2024-08-13 14:47:21,799,6297,1065,1007,1308,162,5543,1155,44,753
2024-08-13 14:17:45,797,6239,1080,1012,1306,139,5552,1169,46,686
2024-08-13 13:46:41,800,6224,1030,1018,1317,79,5494,1199,43,730
2024-08-13 13:16:35,805,6190,996,1019,1268,77,5390,1174,42,799
2024-08-13 12:48:26,808,6133,993,1027,1268,88,5429,1185,44,703
2024-08-13 12:17:21,785,5954,967,1028,1272,72,5325,1154,44,628
2024-08-13 11:48:40,748,6017,979,1043,1314,100,5379,1143,50,637
2024-08-13 11:17:25,779,6012,1138,1157,1321,111,5639,1079,51,372
2024-08-13 10:47:48,775,5729,1107,1161,1245,114,5203,756,42,526
2024-08-13 10:16:33,799,5952,1118,1167,1236,58,5338,905,52,613
2024-08-13 09:47:29,779,6049,1027,1179,1237,50,5158,828,55,891
2024-08-13 09:17:41,786,6039,1096,1191,1298,33,5157,696,56,882
2024-08-13 08:47:44,803,6070,1055,1200,1336,35,4978,514,55,1092
2024-08-13 08:16:31,842,6096,1071,1200,1331,65,4915,347,55,1181
2024-08-13 07:46:28,845,5979,1069,1208,1331,188,4872,173,55,1106
2024-08-13 07:17:49,828,5820,1092,1205,1331,284,4869,71,55,950
2024-08-13 06:46:30,823,5487,1001,1203,1332,378,4806,12,54,681
2024-08-13 06:17:32,817,5362,1004,1207,1334,409,4816,-2,53,545
2024-08-13 05:47:23,800,5240,992,1209,1333,482,4873,-3,53,366
2024-08-13 05:17:46,804,5206,971,1204,1327,544,4902,-3,53,304
2024-08-13 04:46:20,773,5164,954,1209,1337,574,4898,-3,52,266
2024-08-13 04:17:30,752,5147,909,1206,1333,616,4868,-3,53,278
2024-08-13 03:46:29,754,5145,885,1239,1333,662,4924,-3,52,220
2024-08-13 03:17:21,756,5179,938,1238,1330,685,4999,-3,53,180
2024-08-13 02:46:36,784,5209,939,1241,1331,779,5125,-3,53,83
2024-08-13 02:17:47,807,5284,939,1236,1336,809,5180,-3,54,103
2024-08-13 01:46:25,817,5345,951,1234,1320,859,5235,-3,55,109
2024-08-13 01:17:37,862,5489,984,1231,1315,898,5348,-3,53,140
2024-08-13 00:47:36,889,5595,1047,1248,1317,832,5386,-3,53,208
2024-08-13 00:17:43,925,5828,1115,1251,1315,874,5532,-3,53,295
2024-08-12 23:47:22,893,6042,1074,1249,1313,1025,5608,-2,54,434
2024-08-12 23:18:37,924,6306,1092,1252,1315,1011,5642,-2,54,664
2024-08-12 22:46:36,850,6682,1453,1318,1312,956,5943,-3,55,738
2024-08-12 22:16:24,927,7027,1657,1331,1313,915,6197,-3,54,830
2024-08-12 21:47:40,904,7330,1711,1313,1314,819,6142,-3,55,1188
2024-08-12 21:19:39,922,7498,1905,1310,1309,711,6239,-3,54,1259
2024-08-12 20:33:39,918,7407,1932,1299,1306,568,6105,-1,54,1301
2024-08-12 19:46:31,911,7385,1856,1280,1304,557,6011,43,55,1373
2024-08-12 19:16:18,901,7271,1596,1241,1299,576,5806,135,53,1465
2024-08-12 18:47:52,932,7135,1536,1171,1287,536,5807,287,54,1327
2024-08-12 18:16:21,890,6883,1403,1156,1283,537,5794,469,54,1089
2024-08-12 17:47:26,889,6748,1136,1153,1279,487,5662,658,53,1085
2024-08-12 17:18:33,848,6534,1091,1154,1242,459,5647,794,54,887
2024-08-12 16:47:51,759,6398,1138,1150,1245,312,5555,896,52,842
2024-08-12 16:16:20,755,6297,1110,1072,1274,249,5506,993,50,791
2024-08-12 15:46:28,757,6172,1083,1068,1296,152,5482,1073,50,690
2024-08-12 15:17:23,668,6142,1102,1058,1273,85,5357,1117,50,785
2024-08-12 14:47:43,666,6062,830,1077,1266,49,5089,1147,51,973
2024-08-12 14:17:24,663,6102,835,1066,1301,36,5139,1184,51,962
2024-08-12 13:47:38,670,6056,773,1071,1308,28,5145,1240,51,911
2024-08-12 13:17:24,683,5929,833,1152,1290,37,5297,1250,49,631
2024-08-12 12:46:38,670,5847,948,1148,1285,68,5423,1250,52,423
2024-08-12 12:18:24,657,5845,945,1146,1279,88,5376,1208,50,469
2024-08-12 11:47:35,682,5890,851,1052,1310,127,5218,1143,50,672
2024-08-12 11:17:48,685,5817,943,1065,1317,162,5288,1062,52,528
2024-08-12 10:47:16,681,5862,763,1098,1299,213,5120,998,52,742
2024-08-12 10:17:31,690,5890,856,1105,1285,239,5189,958,54,701
2024-08-12 09:47:19,707,5986,854,1139,1285,284,5141,813,55,845
2024-08-12 09:16:23,724,6067,913,1136,1344,326,5203,694,57,863
2024-08-12 08:46:29,733,6014,1062,1189,1341,383,5271,507,53,742
2024-08-12 08:17:30,777,5952,1100,1206,1342,382,5208,333,54,744
2024-08-12 07:46:22,773,5762,1033,1229,1342,455,5053,164,53,709
2024-08-12 07:16:28,774,5595,1031,1236,1342,463,4966,64,51,629
2024-08-12 06:46:43,775,5213,969,1229,1343,395,4772,12,46,440
2024-08-12 06:17:28,731,5055,898,1224,1343,417,4660,-1,46,395
2024-08-12 05:47:44,718,4905,967,1231,1341,360,4665,-3,49,240
2024-08-12 05:16:37,713,4821,950,1227,1340,353,4631,-3,49,189
2024-08-12 04:46:33,718,4773,962,1261,1339,290,4617,-3,48,155
2024-08-12 04:17:25,738,4780,962,1257,1339,162,4518,-3,48,261
2024-08-12 03:47:24,731,4760,961,1265,1340,164,4512,0,48,248
2024-08-12 03:17:17,732,4754,962,1257,1339,179,4523,-3,48,231
2024-08-12 02:46:39,752,4803,963,1260,1337,211,4571,-3,49,231
2024-08-12 02:17:50,775,4844,962,1262,1344,218,4611,-3,50,233
2024-08-12 01:47:32,772,4933,963,1267,1339,254,4642,-3,49,291
2024-08-12 01:17:23,772,5019,976,1266,1340,260,4663,-3,49,356
2024-08-12 00:47:23,676,5130,1019,1249,1343,282,4616,-3,47,514
2024-08-12 00:16:21,737,5310,1225,1326,1337,199,4870,-3,46,439
2024-08-11 23:48:38,722,5482,1446,1319,1338,190,5060,-3,48,422
2024-08-11 23:17:16,770,5740,1476,1305,1336,165,5099,-3,46,640
2024-08-11 22:47:47,724,5977,1618,1324,1342,151,5206,-3,47,771
2024-08-11 22:16:29,805,6230,1668,1311,1345,116,5292,-3,47,938
2024-08-11 21:32:40,766,6510,1784,1316,1341,97,5371,-3,47,1138
2024-08-11 19:55:39,811,6218,1650,1279,1345,52,5211,27,46,1006
2024-08-11 19:25:31,804,6104,1560,1210,1340,88,5157,106,45,947
2024-08-11 18:55:25,778,5934,1271,1192,1341,117,4996,248,46,938
2024-08-11 18:26:40,710,5738,1147,1164,1339,122,4943,411,47,794
2024-08-11 17:55:39,735,5506,1010,862,1344,137,4739,597,45,766
2024-08-11 17:25:25,661,5271,882,861,1337,144,4672,739,45,598
2024-08-11 16:55:31,685,5148,891,893,1343,157,4888,871,45,259
2024-08-11 16:25:32,682,4912,641,816,1345,113,4561,917,45,350
2024-08-11 15:56:39,683,4757,624,813,1342,97,4575,968,45,182
2024-08-11 15:26:30,633,4613,588,815,1338,108,4525,997,44,88
2024-08-11 14:55:40,629,4527,562,808,1343,97,4570,1085,44,-43
2024-08-11 14:25:42,680,4508,323,816,1346,82,4436,1137,44,72
2024-08-11 13:55:40,676,4460,284,813,1348,96,4373,1107,45,87
2024-08-11 13:25:21,632,4454,289,818,1346,119,4346,1094,45,107
2024-08-11 12:56:48,632,4385,280,824,1345,123,4353,1115,45,31
2024-08-11 12:25:49,628,4339,300,818,1347,120,4368,1103,44,-29
2024-08-11 11:55:26,633,4371,193,822,1342,120,4275,1117,45,96
2024-08-11 11:26:14,630,4339,330,811,1343,131,4356,1062,45,-17
2024-08-11 10:55:18,634,4273,469,815,1344,141,4446,997,44,-173
2024-08-11 10:26:38,629,4343,468,868,1346,139,4422,924,44,-78
2024-08-11 09:55:20,632,4399,603,877,1345,180,4520,835,46,-121
2024-08-11 09:25:47,682,4444,663,885,1339,165,4504,720,46,-60
2024-08-11 08:56:43,634,4527,724,950,1344,183,4440,557,46,87
2024-08-11 08:25:28,684,4611,794,949,1348,237,4478,416,47,133
2024-08-11 07:56:49,712,4618,948,1230,1344,403,4911,224,46,-293
2024-08-11 07:25:43,725,4643,941,1228,1344,509,4889,93,45,-245
2024-08-11 06:55:34,700,4585,937,1230,1345,696,4981,23,47,-395
2024-08-11 06:25:19,677,4578,915,1231,1349,762,4986,0,48,-408
2024-08-11 05:56:22,734,4619,907,1241,1346,803,5078,-3,47,-459
2024-08-11 05:25:38,772,4699,922,1241,1347,823,5151,-3,47,-452
2024-08-11 04:55:30,749,4682,919,1273,1343,866,5197,-3,48,-514
2024-08-11 04:25:36,743,4683,904,1266,1331,837,5128,-3,48,-445
2024-08-11 03:55:45,722,4674,874,1277,1327,836,5082,-3,47,-408
2024-08-11 03:25:36,743,4744,929,1264,1330,798,5110,-3,45,-365
2024-08-11 02:55:22,723,4790,932,1270,1328,745,5043,-3,46,-252
2024-08-11 02:25:34,772,4894,940,1269,1335,717,5080,-3,47,-185
2024-08-11 01:55:44,770,4956,957,1268,1335,647,5023,-3,46,-66
2024-08-11 01:27:46,799,5038,956,1261,1329,595,4986,-3,47,51
2024-08-11 00:55:14,765,5175,1061,1238,1326,504,4943,-3,50,231
2024-08-11 00:25:47,827,5339,1061,1244,1331,520,5032,-3,50,306
2024-08-10 23:55:40,758,5523,1142,1240,1329,564,5084,-3,51,438
2024-08-10 23:25:27,771,5788,1170,1237,1330,524,5081,-3,51,706
2024-08-10 22:55:30,730,6056,1298,1273,1330,540,5222,-3,52,834
2024-08-10 22:25:35,766,6283,1369,1284,1329,551,5349,-3,51,933
2024-08-10 21:58:49,772,6553,1477,1288,1326,524,5440,-3,55,1112
2024-08-10 21:26:29,804,6709,1455,1287,1330,500,5451,-3,55,1257
2024-08-10 19:59:26,827,6424,1593,865,1331,452,5149,26,53,1275
2024-08-10 19:29:32,817,6345,1537,897,1328,467,5205,99,52,1140
2024-08-10 18:59:35,814,6224,1388,838,1327,488,5137,224,53,1087
2024-08-10 18:29:23,734,6042,1270,802,1328,593,5181,399,53,860
2024-08-10 17:59:25,768,5798,1136,787,1330,571,5164,516,53,633
2024-08-10 17:30:34,719,5570,879,771,1326,561,4985,674,51,585
2024-08-10 17:00:49,766,5454,990,670,1331,427,4962,719,51,491
2024-08-10 16:29:39,679,5262,712,669,1325,360,4627,833,47,634
2024-08-10 15:59:44,679,5110,703,657,1327,400,4718,903,47,391
2024-08-10 15:29:47,676,5037,698,651,1332,372,4708,927,47,329
2024-08-10 14:59:39,634,4943,626,653,1329,415,4752,1046,47,191
2024-08-10 14:29:30,634,4984,669,655,1329,432,4773,1002,49,211
2024-08-10 13:59:29,632,4985,604,656,1331,439,4728,1014,49,249
2024-08-10 13:30:51,644,5010,623,660,1330,413,4865,1144,49,144
2024-08-10 12:59:18,652,5063,695,659,1330,400,4887,1099,48,176
2024-08-10 12:29:28,654,5007,694,658,1330,341,4767,1035,51,240
2024-08-10 11:59:39,631,5007,710,667,1329,290,4721,1040,51,286
2024-08-10 11:30:19,628,4970,639,659,1333,320,4655,1024,50,314
2024-08-10 10:59:17,634,4984,634,690,1328,373,4669,957,49,314
2024-08-10 10:30:30,635,5078,747,728,1331,348,4718,877,49,360
2024-08-10 09:59:36,634,5127,879,752,1334,313,4740,774,52,386
2024-08-10 09:30:45,637,5145,900,751,1330,282,4585,630,51,559
2024-08-10 09:00:37,643,5159,971,804,1328,276,4529,461,52,629
2024-08-10 08:30:28,680,5191,971,810,1329,368,4578,363,53,613
2024-08-10 07:59:31,726,5162,988,826,1328,434,4535,176,53,626
2024-08-10 07:30:41,727,5092,966,818,1327,433,4419,93,52,673
2024-08-10 06:59:17,692,4977,967,784,1325,436,4288,28,53,689
2024-08-10 06:29:51,682,4941,955,788,1330,455,4268,1,53,672
2024-08-10 05:59:25,683,4881,900,783,1326,495,4240,-2,53,640
2024-08-10 05:30:32,682,4957,886,791,1327,457,4195,-2,52,761
2024-08-10 04:59:47,697,4932,885,822,1324,378,4163,1,51,769
2024-08-10 04:29:50,685,4937,911,821,1331,338,4137,-2,51,800
2024-08-10 03:59:38,724,4957,948,846,1325,317,4216,1,52,740
2024-08-10 03:29:46,769,4962,979,850,1330,282,4261,-2,51,700
2024-08-10 02:59:20,719,5036,957,853,1328,237,4149,-2,55,887
2024-08-10 02:29:16,768,5089,980,843,1327,228,4199,-2,53,890
2024-08-10 01:59:26,729,5137,983,848,1323,202,4139,-2,53,998
2024-08-10 01:30:37,780,5204,980,859,1324,215,4210,-2,54,993
2024-08-10 00:59:22,714,5339,1012,1145,1323,204,4450,-2,54,888
2024-08-10 00:29:47,741,5469,1099,1231,1324,177,4627,-2,54,842
2024-08-09 23:59:35,773,5627,1127,1224,1326,144,4648,-3,55,978
2024-08-09 23:30:34,779,5842,1131,1228,1324,179,4696,-3,56,1145
2024-08-09 22:59:34,791,6151,1333,1279,1326,158,4943,-2,55,1208
2024-08-09 22:30:49,818,6397,1473,1299,1328,170,5144,-2,56,1253
2024-08-09 22:01:46,817,6714,1538,1268,1315,200,5194,-2,55,1520
2024-08-09 20:59:30,830,6886,1669,1270,1315,344,5479,-3,55,1406
2024-08-09 19:59:42,763,6638,1558,1118,1317,518,5351,21,52,1286
2024-08-09 19:29:25,737,6644,1447,1113,1314,576,5319,68,56,1325
2024-08-09 19:00:45,746,6520,1288,1079,1319,608,5262,162,56,1258
2024-08-09 18:30:40,706,6407,1103,1052,1320,671,5167,254,58,1239
2024-08-09 17:59:18,706,6403,969,1068,1317,688,5110,299,54,1292
2024-08-09 17:29:17,692,6380,1107,1177,1319,718,5450,380,54,929
2024-08-09 16:59:21,722,6303,1124,1166,1318,612,5499,500,54,803
2024-08-09 16:29:51,732,6363,1153,1170,1319,543,5431,461,50,932
2024-08-09 15:59:33,770,6386,1276,1176,1315,428,5442,424,51,943
2024-08-09 15:30:40,728,6439,1280,1122,1320,367,5383,511,51,1055
2024-08-09 14:59:33,737,6304,1166,1044,1318,299,5207,589,51,1097
2024-08-09 14:30:20,647,6317,1185,1145,1317,259,5281,674,51,1035
2024-08-09 13:59:42,686,6307,1131,1133,1311,204,5275,757,51,1031
2024-08-09 13:30:36,686,6194,1129,1139,1311,193,5203,691,50,991
2024-08-09 12:59:48,751,6223,1169,1182,1307,100,5324,761,50,899
2024-08-09 12:29:45,748,6390,1230,1175,1309,62,5332,753,53,1057
2024-08-09 12:00:47,728,6416,1233,1189,1310,41,5289,731,54,1126
2024-08-09 11:29:32,750,6436,1297,1186,1317,19,5276,651,54,1160
2024-08-09 10:59:37,747,6366,1346,1215,1312,8,5294,609,54,1072
2024-08-09 10:29:42,751,6437,1291,1224,1281,-2,5203,601,54,1234
2024-08-09 09:59:20,744,6335,1302,1227,1267,-8,5089,501,56,1245
2024-08-09 09:29:21,783,6383,1152,1236,1271,-12,4942,454,56,1440
2024-08-09 08:59:19,779,6272,1246,1224,1271,-10,4934,365,56,1338
2024-08-09 08:29:41,740,6255,1147,1190,1335,-12,4709,251,56,1546
2024-08-09 07:59:31,779,6107,1159,1208,1335,-6,4671,139,56,1436
2024-08-09 07:30:29,772,5978,1111,1211,1332,-10,4576,102,55,1401
2024-08-09 07:01:27,760,5663,1175,1211,1335,-5,4570,39,54,1092
2024-08-09 06:29:38,723,5330,1050,1208,1335,-2,4380,9,56,950
2024-08-09 05:59:30,725,5205,1076,1209,1330,-1,4394,-2,55,810
2024-08-09 05:29:28,736,5285,1070,1211,1334,5,4418,-2,56,866
2024-08-09 05:00:50,683,5085,1023,1232,1335,8,4348,-2,55,737
2024-08-09 04:30:25,685,5100,1064,1248,1334,13,4399,-2,55,700
2024-08-09 03:59:31,686,5082,1076,1252,1330,25,4423,-3,55,658
2024-08-09 03:30:49,709,5088,1026,1249,1331,43,4412,-3,55,675
2024-08-09 02:59:23,720,5095,1069,1248,1330,85,4508,-2,56,586
2024-08-09 02:29:29,721,5140,1004,1243,1321,90,4435,-2,57,705
2024-08-09 01:59:52,721,5245,1004,1244,1327,97,4448,-2,56,796
2024-08-09 01:30:29,736,5349,1040,1238,1319,126,4514,-2,55,834
2024-08-09 01:00:41,695,5462,1115,1249,1315,157,4598,-2,56,864
2024-08-09 00:30:32,718,5655,1142,1266,1311,184,4677,-2,57,977
2024-08-09 00:00:22,725,5759,1052,1269,1312,231,4658,-2,57,1100
2024-08-08 23:29:26,718,6073,1152,1269,1315,234,4746,-2,58,1327
2024-08-08 22:59:31,716,6313,1279,1283,1313,217,4865,-2,58,1448
2024-08-08 22:30:28,754,6640,1456,1330,1308,214,5120,-2,59,1519
2024-08-08 21:59:17,767,6895,1539,1339,1312,240,5249,-2,52,1646
2024-08-08 20:54:36,785,7094,1665,1332,1310,260,5430,-2,53,1664
2024-08-08 19:57:35,813,7019,1529,1256,1299,267,5246,21,58,1773
2024-08-08 19:25:25,805,6921,1460,1248,1296,296,5266,100,57,1655
2024-08-08 18:56:42,757,6739,1264,1175,1301,309,5103,238,55,1635
2024-08-08 18:26:42,711,6603,1088,1153,1299,312,5051,429,55,1552
2024-08-08 17:55:32,735,6496,989,1154,1303,326,5200,627,56,1295
2024-08-08 17:26:29,681,6299,1044,1158,1296,288,5260,733,57,1038
2024-08-08 16:55:28,637,6111,1166,1171,1249,205,5295,808,55,816
2024-08-08 16:26:27,636,5962,1021,1169,1255,151,5230,935,54,732
2024-08-08 14:56:16,631,5726,896,1149,1281,98,5234,1124,52,492
2024-08-08 14:27:33,674,5731,935,1153,1266,76,5293,1137,50,438
2024-08-08 13:56:51,681,5737,851,1155,1285,39,5258,1193,51,479
2024-08-08 13:26:43,678,5752,839,1147,1310,13,5245,1209,46,507
2024-08-08 12:56:32,684,5702,796,1149,1303,0,5184,1203,46,517
2024-08-08 12:25:31,671,5621,776,1141,1254,-12,5098,1209,47,523
2024-08-08 11:55:42,632,5589,845,1153,1259,-14,5112,1185,49,477
2024-08-08 11:25:20,637,5611,968,1162,1273,-5,5230,1145,49,380
2024-08-08 10:55:21,628,5820,1069,1193,1310,-13,5313,1076,48,506
2024-08-08 10:26:50,727,5671,1048,1178,1257,-13,5250,1000,52,420
2024-08-08 09:56:24,671,5828,918,1190,1251,-13,4965,894,52,863
2024-08-08 09:25:48,714,5911,831,1215,1279,-11,4831,748,52,1079
2024-08-08 08:56:23,655,5912,906,1219,1340,-12,4756,593,53,1155
2024-08-08 08:25:28,695,5892,1161,1224,1340,-10,4890,425,52,1002
2024-08-08 07:56:48,751,5878,1150,1239,1335,0,4748,218,53,1130
2024-08-08 07:25:20,718,5713,1086,1241,1334,9,4550,106,53,1163
2024-08-08 06:57:22,680,5392,1054,1232,1337,8,4402,36,52,989
2024-08-08 06:26:40,725,5335,1047,1235,1336,6,4406,2,51,928
2024-08-08 05:56:25,724,5077,1030,1224,1336,-1,4369,3,51,707
2024-08-08 05:25:47,721,5044,1028,1233,1337,-1,4371,-3,53,673
2024-08-08 04:55:27,728,4996,1019,1267,1335,2,4403,-3,52,592
2024-08-08 04:25:23,724,4993,1016,1266,1334,6,4397,-3,52,595
2024-08-08 03:55:41,731,5067,1016,1264,1333,6,4402,-3,51,665
2024-08-08 03:26:29,721,5056,1015,1262,1334,4,4387,-3,52,669
2024-08-08 02:56:41,676,4999,1004,1249,1335,8,4322,-3,51,677
2024-08-08 02:25:40,725,5105,1027,1263,1328,9,4402,-3,51,702
2024-08-08 01:56:47,727,5089,1024,1258,1332,24,4414,-3,49,674
2024-08-08 01:25:48,773,5234,972,1262,1336,20,4416,1,49,818
2024-08-08 00:56:32,743,5329,1117,1251,1337,21,4528,-3,50,800
2024-08-08 00:25:36,811,5501,1132,1267,1334,22,4621,1,51,880
2024-08-07 23:55:15,719,5709,1178,1254,1332,25,4560,-3,53,1148
2024-08-07 23:26:37,782,5949,1278,1288,1325,29,4754,-3,52,1194
2024-08-07 22:55:23,717,6241,1360,1284,1327,24,4763,-2,53,1477
2024-08-07 22:25:33,811,6618,1506,1296,1323,25,5013,-2,54,1604
2024-08-07 21:55:30,762,6885,1527,1294,1326,25,4991,-2,52,1894
2024-08-07 19:55:35,820,6724,1601,1246,1320,19,5107,45,53,1617
2024-08-07 19:26:31,777,6670,1504,1252,1322,28,5057,113,53,1612
2024-08-07 18:56:36,820,6515,1586,1208,1322,34,5298,265,52,1217
2024-08-07 18:25:42,762,6319,1445,1161,1323,45,5204,407,51,1115
2024-08-07 17:56:46,733,6105,1205,1160,1321,35,5068,561,50,1036
2024-08-07 17:25:31,688,5914,907,1159,1315,51,4834,657,49,1080
2024-08-07 16:56:39,698,5803,817,1152,1317,88,4959,832,48,843
2024-08-07 16:25:43,630,5716,813,1153,1312,110,4983,915,46,732
2024-08-07 15:55:22,628,5603,814,1159,1313,149,5126,1014,45,477
2024-08-07 15:26:27,658,5634,814,1154,1288,172,5145,1011,46,488
2024-08-07 14:56:36,687,5535,941,1139,1293,208,5248,931,45,287
2024-08-07 14:25:36,679,5515,901,1135,1322,288,5416,1041,46,98
2024-08-07 13:55:39,685,5538,822,1142,1324,340,5445,1086,45,93
2024-08-07 13:26:23,635,5500,718,1155,1318,387,5384,1123,45,115
2024-08-07 12:56:47,635,5411,742,1162,1300,423,5449,1139,44,-38
2024-08-07 12:25:33,633,5315,762,1085,1301,475,5422,1117,45,-107
2024-08-07 11:55:23,635,5357,791,1061,1314,486,5497,1162,45,-139
2024-08-07 11:25:23,636,5400,756,1087,1315,537,5499,1120,45,-98
2024-08-07 10:56:44,628,5452,728,1087,1318,525,5354,1019,47,97
2024-08-07 10:27:27,627,5477,957,1109,1294,445,5475,996,44,1
2024-08-07 09:55:17,660,5658,1012,1126,1294,444,5419,830,50,239
2024-08-07 09:25:49,665,5827,1025,1225,1344,443,5448,692,51,379
2024-08-07 08:56:17,763,5854,1114,1237,1340,495,5525,521,51,328
2024-08-07 08:25:36,769,5900,1107,1235,1338,530,5405,372,52,495
2024-08-07 07:55:42,767,5803,1104,1246,1339,567,5281,204,51,522
2024-08-07 07:20:35,783,5637,1103,1236,1340,700,5284,68,51,352
2024-08-07 06:47:38,762,5312,995,1245,1341,777,5196,17,52,116
2024-08-07 06:17:34,714,5123,992,1235,1340,876,5211,0,53,-87
2024-08-07 05:48:41,679,5024,913,1231,1341,953,5172,-3,53,-148
2024-08-07 05:17:49,682,4914,915,1235,1342,967,5193,-3,52,-278
2024-08-07 04:47:45,682,4856,942,1276,1343,959,5252,-3,51,-396
2024-08-07 04:16:24,677,4857,938,1272,1340,983,5260,-3,51,-402
2024-08-07 03:47:38,658,4815,946,1276,1337,904,5170,-3,51,-355
2024-08-07 03:17:36,680,4837,944,1268,1333,835,5111,-3,51,-274
2024-08-07 02:47:35,677,4872,947,1275,1331,836,5116,-3,51,-244
2024-08-07 02:16:39,680,4916,951,1272,1331,803,5088,-3,51,-172
2024-08-07 01:48:23,709,4981,851,1250,1335,755,4951,-3,51,29
2024-08-07 01:16:21,727,5066,877,1247,1328,754,4982,-2,49,84
2024-08-07 00:47:31,682,5176,901,1253,1331,616,4833,-3,50,342
2024-08-07 00:16:39,733,5330,899,1262,1331,640,4918,-3,50,412
2024-08-06 23:47:23,643,5513,926,1252,1327,631,4830,-2,51,683
2024-08-06 23:17:35,689,5744,1013,1263,1329,629,4974,-3,51,770
2024-08-06 22:47:27,662,6004,1305,1267,1331,454,5070,-2,51,933
2024-08-06 22:17:18,755,6278,1370,1292,1318,336,5122,-3,52,1155
2024-08-06 21:46:34,743,6643,1356,1301,1325,244,5020,-2,50,1622
2024-08-06 19:25:41,720,6310,1552,1312,1316,102,5158,101,51,1152
2024-08-06 18:55:24,755,6133,1437,1245,1315,102,5147,242,49,986
2024-08-06 18:25:31,700,5966,1314,1227,1315,158,5115,349,49,850
2024-08-06 17:56:40,710,5852,1071,1218,1278,225,4965,413,47,886
2024-08-06 17:26:34,658,5712,1094,1212,1279,271,5073,508,48,639
2024-08-06 16:55:48,667,5686,886,1219,1279,201,4913,623,47,773
2024-08-06 16:25:25,631,5700,834,1155,1318,331,5054,729,44,646
2024-08-06 15:55:50,631,5614,737,1101,1306,410,5016,783,44,598
2024-08-06 15:26:18,629,5598,854,1162,1279,386,5091,714,46,506
2024-08-06 14:56:30,632,5723,907,1197,1277,293,5124,770,46,599
2024-08-06 14:26:21,677,5771,848,1206,1295,191,5056,791,45,715
2024-08-06 13:55:40,669,5841,920,1179,1313,151,4932,650,47,909
2024-08-06 13:25:31,676,5916,830,1181,1310,169,4968,754,45,947
2024-08-06 12:56:33,677,5845,809,1187,1311,186,4967,747,46,877
2024-08-06 12:25:32,675,5748,801,1193,1308,249,5025,750,45,723
2024-08-06 11:55:37,629,5815,832,1187,1313,139,4874,724,47,941
2024-08-06 11:27:38,627,5873,1010,1193,1308,116,4965,662,46,907
2024-08-06 10:55:23,672,5878,1108,1226,1304,66,5027,601,46,851
2024-08-06 10:26:43,672,6022,1105,1226,1272,74,4906,509,44,1116
2024-08-06 09:55:17,652,6160,1120,1225,1275,61,4792,407,49,1367
2024-08-06 09:24:24,687,6151,1125,1226,1290,106,4825,340,48,1325
2024-08-06 08:57:23,750,6189,1164,1260,1320,188,4985,251,50,1204
2024-08-06 08:25:23,738,6181,1180,1257,1324,268,4995,172,53,1185
2024-08-06 07:55:25,803,6100,1155,1238,1326,352,5026,95,53,1074
2024-08-06 07:25:50,770,5908,1109,1233,1328,411,4951,43,53,957
2024-08-06 06:55:40,705,5505,1005,1223,1329,496,4821,9,52,683
2024-08-06 06:25:22,671,5420,1005,1232,1326,519,4807,-2,53,613
2024-08-06 05:56:27,675,5238,999,1227,1331,602,4885,-3,52,352
2024-08-06 05:25:44,656,5170,996,1225,1324,596,4848,-4,53,321
2024-08-06 04:55:34,679,5182,985,1246,1329,572,4861,-4,52,321
2024-08-06 04:25:19,682,5109,986,1259,1328,588,4892,-4,50,217
2024-08-06 03:55:46,681,5138,1001,1255,1325,570,4876,-3,51,261
2024-08-06 03:26:21,678,5095,988,1263,1327,590,4896,-3,51,198
2024-08-06 02:55:27,695,5192,988,1261,1329,580,4904,-3,52,287
2024-08-06 02:25:43,683,5196,991,1260,1326,605,4916,-3,53,279
2024-08-06 01:56:48,721,5280,992,1252,1328,623,4969,-3,52,311
2024-08-06 01:27:45,719,5320,994,1249,1328,631,4970,-3,51,350
2024-08-06 00:55:25,616,5455,987,1241,1326,626,4847,-3,51,607
2024-08-06 00:25:27,724,5576,1100,1246,1327,625,5074,-3,52,502
2024-08-05 23:55:40,710,5777,1028,1203,1329,644,4966,-3,53,811
2024-08-05 23:25:17,756,6038,1159,1320,1327,637,5252,-3,53,786
2024-08-05 22:55:48,725,6330,1283,1323,1330,589,5305,-2,54,1024
2024-08-05 22:25:47,771,6650,1415,1350,1326,520,5432,-2,50,1218
2024-08-05 21:54:32,734,6962,1547,1342,1320,397,5388,-2,48,1573
2024-08-05 20:47:48,765,7121,1655,1332,1327,287,5437,-2,53,1684
2024-08-05 19:47:52,788,6969,1586,1315,1320,178,5285,43,52,1683
2024-08-05 19:17:44,718,6792,1587,1303,1315,194,5284,109,54,1508
2024-08-05 18:47:32,768,6756,1362,1244,1319,126,5102,228,53,1654
2024-08-05 18:17:41,660,6642,1350,1185,1319,109,5018,341,51,1623
2024-08-05 17:47:33,717,6525,1141,1189,1311,94,5012,500,50,1513
2024-08-05 17:16:25,644,6237,1119,1208,1293,86,4954,550,51,1283
2024-08-05 16:47:39,684,6245,1091,1187,1294,57,5010,645,50,1234
2024-08-05 16:17:48,653,6110,1100,1182,1291,46,4981,658,48,1128
2024-08-05 15:47:25,705,6139,1084,1181,1299,32,5066,712,49,1072
2024-08-05 15:17:42,683,6020,1040,1183,1294,47,5035,739,47,984
2024-08-05 14:47:39,676,5953,959,1185,1294,43,5116,911,45,836
2024-08-05 14:16:15,677,5894,911,1181,1293,23,5106,986,44,788
2024-08-05 13:47:43,685,5861,907,1186,1319,9,5122,968,44,738
2024-08-05 13:17:29,644,5768,939,1170,1317,14,5095,965,44,672
2024-08-05 12:46:25,668,5750,909,1197,1309,20,5096,942,47,654
2024-08-05 12:17:25,630,5806,862,1195,1310,35,4984,904,45,821
2024-08-05 11:46:37,647,5761,884,1208,1313,38,5018,879,45,743
2024-08-05 11:17:35,661,5806,954,1208,1304,26,5054,851,46,752
2024-08-05 10:47:26,630,5881,1050,1215,1298,32,5038,764,45,843
2024-08-05 10:16:29,702,5904,1121,1222,1286,16,5070,673,45,834
2024-08-05 09:48:41,677,6107,997,1193,1276,15,4727,516,49,1379
2024-08-05 09:17:26,681,6118,1130,1220,1329,17,4865,443,49,1252
2024-08-05 08:46:45,708,6150,1227,1252,1327,9,4928,351,51,1221
2024-08-05 08:17:33,754,6124,1254,1248,1329,26,4875,211,50,1249
2024-08-05 07:47:31,747,5874,1267,1220,1327,69,4805,123,51,1068
2024-08-05 07:17:22,719,5686,1256,1232,1324,93,4742,65,49,944
2024-08-05 06:46:40,785,5278,1044,1268,1325,98,4597,24,51,680
2024-08-05 06:17:20,793,5144,1032,1268,1327,121,4593,1,50,550
2024-08-05 05:47:28,686,4895,1090,1226,1328,131,4509,-4,51,385
2024-08-05 05:16:37,678,4896,1088,1228,1324,150,4516,-4,50,380
2024-08-05 04:47:41,680,4742,1041,1263,1324,173,4530,-3,50,211
2024-08-05 04:17:35,675,4805,1037,1264,1328,184,4537,-3,50,267
2024-08-05 03:47:23,679,4737,1012,1256,1330,255,4585,0,50,151
2024-08-05 03:17:46,678,4732,1002,1261,1325,338,4656,0,49,76
2024-08-05 02:47:37,700,4774,1009,1268,1329,376,4735,0,50,38
2024-08-05 02:17:46,694,4804,1006,1299,1323,410,4786,0,50,17
2024-08-05 01:47:51,738,4884,986,1296,1326,402,4801,0,49,82
2024-08-05 01:17:22,770,4986,991,1297,1328,382,4821,-3,50,165
2024-08-05 00:49:46,788,5068,1141,1316,1325,380,4999,-3,49,69
2024-08-05 00:17:42,789,5181,1225,1257,1330,357,5014,2,47,167
2024-08-04 23:48:28,753,5302,1270,1262,1320,358,5009,-3,47,292
2024-08-04 23:17:37,756,5531,1370,1258,1325,374,5134,-2,47,396
2024-08-04 22:46:22,755,5739,1456,1292,1327,389,5254,-2,47,485
2024-08-04 22:18:24,786,5959,1530,1284,1329,354,5330,-2,47,628
2024-08-04 21:41:41,857,6163,1553,1335,1329,264,5404,-2,49,758
2024-08-04 20:39:41,939,6000,1670,1008,1323,258,5265,0,47,734
2024-08-04 19:48:31,961,5786,1520,919,1320,455,5255,28,46,530
2024-08-04 19:16:33,901,5687,1484,918,1323,569,5355,109,45,332
2024-08-04 18:47:38,847,5594,1251,836,1323,694,5204,206,45,389
2024-08-04 18:16:35,737,5431,1120,803,1321,746,5099,323,45,332
2024-08-04 17:46:30,737,5341,963,727,1323,753,4946,394,46,394
2024-08-04 17:17:46,642,5163,832,691,1321,741,4696,421,46,466
2024-08-04 16:46:19,697,5146,887,685,1324,744,4880,495,46,266
2024-08-04 16:16:26,693,5059,885,690,1323,659,4844,546,46,214
2024-08-04 15:47:17,692,5032,889,685,1321,515,4753,602,45,279
2024-08-04 15:17:46,688,4846,862,676,1325,509,4733,626,45,112
2024-08-04 14:47:43,687,4733,735,666,1323,543,4718,716,45,14
2024-08-04 14:16:21,689,4739,734,674,1320,592,4887,829,46,-147
2024-08-04 13:46:28,649,4724,732,668,1324,620,4897,854,47,-172
2024-08-04 13:16:38,650,4688,687,673,1322,634,4849,834,46,-161
2024-08-04 12:47:23,674,4735,758,676,1325,612,4865,771,46,-130
2024-08-04 12:17:37,656,4676,755,665,1320,544,4826,838,45,-150
2024-08-04 11:46:42,635,4712,830,676,1324,505,4875,857,46,-163
2024-08-04 11:16:19,638,4678,897,675,1324,436,4862,843,46,-183
2024-08-04 10:47:36,633,4691,951,686,1320,393,4782,748,47,-90
2024-08-04 10:17:22,685,4733,984,687,1324,394,4795,671,47,-62
2024-08-04 09:47:46,690,4804,1031,700,1322,423,4756,540,47,47
2024-08-04 09:18:36,721,4817,1035,737,1323,438,4767,466,45,50
2024-08-04 08:46:29,702,4958,1064,769,1319,500,4749,345,47,209
2024-08-04 08:18:23,751,4937,1028,759,1318,530,4696,260,48,241
2024-08-04 07:47:17,686,4869,843,736,1318,510,4287,142,50,581
2024-08-04 07:16:22,691,4882,1090,741,1320,534,4490,60,51,392
2024-08-04 06:47:40,682,4753,1005,744,1319,608,4424,15,48,328
2024-08-04 06:16:39,682,4774,986,754,1320,737,4532,-1,51,241
2024-08-04 05:46:28,726,4831,979,1188,1321,722,4987,-3,52,-156
2024-08-04 05:17:47,730,4844,978,1187,1321,722,4989,-3,52,-144
2024-08-04 04:47:51,731,4904,980,1186,1323,704,4973,-3,52,-68
2024-08-04 04:17:37,729,4866,981,1189,1323,634,4905,-4,51,-38
2024-08-04 03:47:46,729,4962,979,1228,1325,553,4863,-4,52,98
2024-08-04 03:18:33,733,4947,1019,1215,1322,418,4747,-4,52,199
2024-08-04 02:47:48,731,5068,985,1205,1325,432,4727,-4,50,340
2024-08-04 02:17:22,727,5125,945,1216,1322,497,4758,-3,51,366
2024-08-04 01:46:23,679,5136,878,1207,1326,610,4748,-3,50,387
2024-08-04 01:17:20,726,5283,1006,1215,1324,739,5061,-3,52,222
2024-08-04 00:47:32,747,5349,1173,1207,1324,529,5031,-3,53,318
2024-08-04 00:17:45,827,5572,1198,1251,1323,513,5166,-3,54,406
2024-08-03 23:46:51,780,5791,1234,1251,1317,487,5123,-3,55,668
2024-08-03 23:16:32,828,5993,1278,1259,1312,517,5248,-3,55,744
2024-08-03 22:46:44,793,6377,1826,1321,1319,517,5830,-3,55,547
2024-08-03 22:17:30,876,6623,1809,1320,1316,494,5878,-3,56,744
2024-08-03 21:34:30,706,6946,1609,1241,1314,896,5808,-2,56,1137
2024-08-03 20:57:25,754,6786,1765,1233,1316,1174,6325,-2,54,460
2024-08-03 20:26:43,721,6621,1719,1231,1313,1233,6307,5,54,313
2024-08-03 19:55:35,765,6677,1755,1213,1301,1318,6464,48,53,212
2024-08-03 19:25:20,726,6512,1759,1213,1301,1278,6462,126,53,49
2024-08-03 18:55:28,723,6459,1194,1176,1302,1326,6020,242,53,438
2024-08-03 18:27:19,653,6302,1188,1153,1302,1339,6060,370,53,242
2024-08-03 17:55:21,704,6273,905,859,1290,1409,5681,469,53,592
2024-08-03 17:25:47,663,6128,903,858,1298,1475,5816,563,53,311
2024-08-03 16:55:46,690,6000,1053,853,1305,1301,5892,634,53,108
2024-08-03 16:25:26,641,5780,938,837,1306,1240,5722,707,50,57
2024-08-03 15:57:45,689,5734,1012,826,1306,1319,5944,739,50,-210
2024-08-03 15:25:24,637,5639,968,817,1305,1243,5807,784,50,-167
2024-08-03 14:56:27,641,5723,1148,831,1311,1097,5990,907,51,-266
2024-08-03 14:25:28,679,5666,1217,825,1317,957,5850,802,50,-184
2024-08-03 13:56:32,735,5733,1069,929,1317,869,5887,914,51,-153
2024-08-03 13:25:21,721,5692,772,910,1317,948,5660,937,51,32
2024-08-03 12:55:40,640,5522,688,819,1312,975,5441,953,51,80
2024-08-03 12:25:18,688,5617,684,834,1311,977,5413,864,51,204
2024-08-03 11:55:33,637,5505,866,836,1312,941,5464,844,51,41
2024-08-03 11:25:16,656,5506,929,843,1303,882,5453,786,50,52
2024-08-03 10:55:36,698,5548,896,923,1297,800,5366,696,53,182
2024-08-03 10:25:44,688,5714,1000,917,1296,702,5354,696,52,359
2024-08-03 09:55:25,701,5665,1004,1168,1316,616,5492,629,55,173
2024-08-03 09:26:45,722,5701,1167,1223,1324,501,5535,539,56,165
2024-08-03 08:55:32,800,5593,1057,1241,1323,442,5354,433,56,239
2024-08-03 08:25:23,784,5639,1177,1171,1325,427,5263,322,54,376
2024-08-03 07:55:48,739,5491,1033,1183,1324,588,5100,176,54,390
2024-08-03 07:25:30,741,5454,1034,1183,1328,728,5149,82,50,304
2024-08-03 06:55:20,765,5258,1004,1206,1325,763,5144,26,52,114
2024-08-03 06:25:44,766,5223,1008,1201,1324,812,5167,1,51,56
2024-08-03 05:55:37,716,5311,1066,1172,1325,808,5137,-2,50,174
2024-08-03 05:25:19,694,5284,993,1171,1322,878,5109,-3,51,174
2024-08-03 04:55:48,707,5313,1016,1200,1329,918,5219,-3,52,94
2024-08-03 04:25:45,744,5399,1029,1199,1329,883,5235,-3,52,163
2024-08-03 03:55:27,733,5319,1015,1204,1329,889,5220,-3,51,98
2024-08-03 03:25:40,767,5444,1015,1232,1328,851,5245,-3,51,198
2024-08-03 02:55:42,798,5441,1015,1235,1327,865,5291,-3,52,150
2024-08-03 02:27:45,812,5510,1015,1238,1328,863,5306,-3,50,204
2024-08-03 01:55:47,826,5669,1038,1237,1320,877,5341,-3,44,327
2024-08-03 01:25:20,816,5660,1029,1229,1313,880,5316,-3,50,344
2024-08-03 00:56:39,775,5753,1122,1265,1317,876,5405,-2,50,347
2024-08-03 00:25:31,789,5993,1280,1298,1316,908,5639,-3,49,354
2024-08-02 23:55:22,768,6170,1459,1346,1315,876,5813,-2,50,357
2024-08-02 23:25:45,803,6481,1435,1356,1306,904,5855,-3,51,625
2024-08-02 22:56:27,773,6607,1713,1268,1304,882,5990,-2,51,616
2024-08-02 22:25:34,989,6959,1713,1374,1306,876,6309,-2,51,649
2024-08-02 21:56:20,990,7344,1909,1375,1306,857,6497,-2,57,846
2024-08-02 21:25:27,1037,7580,1892,1375,1303,816,6506,-3,55,1073
2024-08-02 20:57:42,1099,7508,1901,1363,1303,815,6564,-2,55,944
2024-08-02 20:26:18,1101,7431,1913,1363,1308,812,6590,6,55,840
2024-08-02 19:56:46,1188,7446,1880,1333,1305,790,6588,28,57,857
2024-08-02 19:25:40,1149,7433,1831,1334,1301,872,6632,85,55,800
2024-08-02 18:57:32,1098,7335,1411,1233,1304,837,6114,172,56,1220
2024-08-02 18:25:37,1030,7173,1384,1189,1307,802,6065,294,57,1107
2024-08-02 17:55:44,931,7022,1271,1180,1290,780,5916,402,54,1105
2024-08-02 17:25:39,898,6941,1065,1185,1285,770,5809,549,54,1131
2024-08-02 16:56:35,853,6788,1116,1180,1287,648,5843,703,54,944
2024-08-02 16:25:19,789,6749,1195,1190,1281,597,5917,810,51,832
2024-08-02 15:54:36,754,6572,1174,1190,1249,441,5769,905,53,803
2024-08-02 15:25:46,741,6457,1052,1187,1249,367,5626,975,52,831
2024-08-02 14:55:21,739,6437,1150,1197,1255,240,5671,1038,49,766
2024-08-02 14:25:46,747,6425,1170,1200,1301,208,5741,1065,47,684
2024-08-02 13:55:17,775,6430,1176,1202,1309,131,5747,1104,48,682
2024-08-02 13:26:33,815,6423,1232,1190,1294,83,5784,1122,46,638
2024-08-02 12:56:23,787,6353,921,1197,1279,73,5434,1128,47,918
2024-08-02 12:26:44,786,6222,918,1195,1283,73,5419,1118,44,802
2024-08-02 11:55:20,773,6225,877,1210,1309,44,5353,1091,46,872
2024-08-02 11:25:20,787,6159,876,1214,1307,-3,5288,1056,48,871
2024-08-02 10:56:46,765,6157,893,1232,1310,-10,5206,965,50,951
2024-08-02 10:26:20,808,6190,885,1225,1310,2,5190,908,48,999
2024-08-02 09:55:30,753,6250,926,1259,1275,5,5014,743,51,1236
2024-08-02 09:25:43,793,6247,1190,1258,1275,9,5225,645,51,1022
2024-08-02 08:55:41,790,6356,1105,1285,1326,26,5081,493,52,1275
2024-08-02 08:25:32,835,6375,1136,1280,1328,59,5075,381,54,1299
2024-08-02 07:55:16,851,6199,1122,1277,1325,136,4956,189,53,1242
2024-08-02 07:25:28,839,6123,1119,1295,1326,202,4936,98,54,1187
2024-08-02 06:55:36,885,5786,1036,1283,1324,249,4862,28,53,923
2024-08-02 06:26:23,833,5638,1035,1296,1324,276,4827,5,54,811
2024-08-02 05:56:33,885,5536,1079,1294,1327,331,4970,-2,55,566
2024-08-02 05:26:47,860,5460,1019,1292,1326,378,4930,-3,56,530
2024-08-02 04:56:20,837,5337,1000,1325,1326,466,5006,-3,53,331
2024-08-02 04:25:23,827,5396,997,1324,1327,506,5033,-3,53,362
2024-08-02 03:55:30,788,5364,997,1328,1327,600,5092,-3,53,271
2024-08-02 03:26:43,772,5327,994,1321,1325,607,5071,-3,52,255
2024-08-02 02:55:47,783,5413,993,1324,1325,804,5277,-3,50,135
2024-08-02 02:25:28,785,5432,990,1321,1324,854,5329,-3,55,103
2024-08-02 01:56:45,737,5457,986,1325,1325,929,5356,-3,54,100
2024-08-02 01:26:21,789,5589,988,1321,1324,946,5420,-3,52,169
2024-08-02 00:56:34,779,5754,1047,1311,1320,1049,5560,-3,53,194
2024-08-02 00:26:23,789,5878,1094,1314,1319,1044,5613,-3,52,264
2024-08-01 23:55:47,814,6153,1256,1316,1319,1141,5899,-3,53,254
2024-08-01 23:26:32,860,6420,1293,1313,1321,1178,6021,-2,54,398
2024-08-01 22:55:38,808,6651,1516,1354,1318,1197,6246,-2,53,404
2024-08-01 22:25:47,858,7089,1649,1347,1321,1224,6453,-2,53,635
2024-08-01 21:55:38,852,7360,1835,1346,1320,1064,6475,-2,54,885
2024-08-01 20:59:47,872,7361,1877,1332,1314,885,6363,-2,55,998
2024-08-01 20:31:46,910,7306,1884,1320,1319,693,6213,4,53,1092
2024-08-01 19:59:41,904,7441,1993,1289,1316,605,6219,52,53,1222
2024-08-01 19:29:50,888,7208,1714,1293,1316,618,6012,125,52,1195
2024-08-01 18:59:35,871,7172,1803,1247,1313,616,6157,251,53,1014
2024-08-01 18:29:48,806,7005,1757,1213,1314,535,6064,382,53,941
2024-08-01 17:59:29,840,6776,1476,1204,1317,448,5912,573,51,863
2024-08-01 17:30:42,817,6604,1234,1203,1309,442,5721,664,50,883
2024-08-01 16:59:24,820,6451,1226,1203,1303,431,5836,800,50,615
2024-08-01 16:30:22,829,6333,1013,1191,1306,383,5662,889,48,670
2024-08-01 15:59:17,777,6303,1089,1185,1310,308,5696,976,48,607
2024-08-01 15:29:21,774,6193,975,1185,1308,270,5618,1056,47,574
2024-08-01 14:59:42,775,6103,1044,1189,1292,182,5647,1113,48,455
2024-08-01 14:30:41,792,6049,1199,1117,1291,162,5762,1148,48,286
2024-08-01 14:00:32,778,6130,972,1187,1284,108,5567,1184,50,563
2024-08-01 13:29:18,787,6066,763,1191,1310,85,5330,1143,48,735
2024-08-01 12:59:32,773,6144,936,1198,1303,49,5460,1150,48,683
2024-08-01 12:30:49,781,6033,965,1205,1279,41,5473,1150,49,559
2024-08-01 11:59:19,785,5955,891,1222,1276,44,5330,1061,48,625
2024-08-01 11:29:22,777,5950,906,1212,1293,14,5274,1022,48,675
2024-08-01 10:59:42,784,6016,991,1231,1318,-3,5333,962,49,682
2024-08-01 10:29:19,786,6039,994,1231,1303,-15,5257,908,48,782
2024-08-01 09:59:29,774,6168,1053,1169,1275,-18,5151,848,49,1016
2024-08-01 09:30:46,786,6108,1050,1249,1286,-8,5154,738,52,953
2024-08-01 08:59:19,789,6232,1302,1273,1312,-5,5286,559,53,946
2024-08-01 08:30:34,787,6257,1225,1289,1319,14,5140,451,52,1116
2024-08-01 07:59:40,791,6255,1361,1297,1319,33,5125,270,52,1130
2024-08-01 07:29:41,817,6036,1345,1283,1317,72,5027,137,53,1009
2024-08-01 06:59:27,833,5775,1068,1295,1319,92,4715,52,53,1059
2024-08-01 06:29:38,828,5648,1033,1290,1316,109,4641,10,53,1006
2024-08-01 05:59:48,824,5436,1025,1290,1318,120,4640,6,54,796
2024-08-01 05:29:34,835,5417,1003,1296,1320,133,4641,-2,54,776
2024-08-01 05:00:31,758,5372,977,1314,1316,167,4589,1,53,783
2024-08-01 04:30:21,737,5413,995,1322,1317,181,4606,-2,54,807
2024-08-01 03:59:23,772,5249,921,1318,1314,214,4595,0,53,653
2024-08-01 03:29:29,785,5361,985,1318,1314,201,4654,-3,52,706
2024-08-01 03:01:31,794,5389,991,1316,1317,233,4703,-2,53,685
2024-08-01 02:29:29,787,5425,988,1317,1319,246,4709,-2,53,715
2024-08-01 01:59:41,835,5478,1010,1320,1319,274,4812,-3,53,666
2024-08-01 01:29:23,788,5578,1012,1322,1317,310,4800,-2,51,777
2024-08-01 00:59:34,781,5676,1119,1318,1321,344,4936,-2,53,739
2024-08-01 00:29:44,764,5822,1129,1318,1306,378,4948,-2,53,873